codigo,Estado en Web,articulo,descripcion,web,minimo,ultimoin,moneda,precio,familia,figaro,marca
CM-259.123,1,SOLDADOS X6,,259123,2,,$,98,JUGUETERIA,SOLDADOS CON ACCESORIOS 295,
CM-259.130,1,MUÑECA CON PONNY,"Blister &nbsp;de 26x25 cm el cual contiene una muñeca de 12cm y pony.<br>
Materiales: la muñeca es de plástico con la cara de goma y el pony es todo de goma.<br>
El blister incluye accesorios.<br>
Cod de barras 6940350861385",259130,1,,$,158,JUGUETERIA,PONNY CON MUÑECA AC08-A5,
CM-37.118,1,PERFUME AL BAKHOOR,"Perfume FORRES con spray vaporizador<br>
Fragancia Red Rose <br>
Contenido 100cc<br>
Presentación : caja individual",37118,3,,$,79,PERFUMES,PERFUME ALBAR 6882B,
CM-41.44,2,CORTA PELO MASCOTA,"Set Corta pelo para mascota marca GEMEI<br>
Modelo: GM-1023, super silencioso<br>
En estuche profesional<br>
Con accesorios: peine, cepillo y tijera. &nbsp;<br>
Cuchillas de posición regulable.<br>
4 Peines para regulación de altura de corte<br>
Cepillo y lubricante para limpieza",4144,2,,USD,25,TOCADOR,CORTADORA PELO MASCOTA GEMEI KIT GM-1023,GEMEI
CM-43.99,1,LNB 1 SALIDA STAR-COM,"LNB para banda Ku Universal de 1 salida<br>
Marca STAR COM. Modelo SR-320 HD<br>
Frecuencia de entrada: 10.7 a 11.70 y 11.70 a 12.75 Ghz<br>
Frecuencia de salida: 950 a 1950 y 1.100 a2.150 mhz<br>
Frecuencia LO 9.75/10.6 Ghz<br>
Ruido 0.1 dB<br>
Presentación: caja individual.",36112,1,,USD,4.5,ELECTRONICA,LNB UNIVERSAL SR320,
CM-43.98,1,PROYECTOR LED,"Proyector LED con control remoto.<br>
Sistema de imagen: LCD<br>
Resolución máxima soportada: 1920x1080<br>
Brillo : 48 Lux, Contraste 300:1<br>
Lente: F=125 control de foco regulable.<br>
Tamaño de la imagen : 48 a 192 cms<br>
Distancia de proyección: entre 1.25 y 4.0 m<br>
Entradas: RGB, HDMI, USB, SD y VGA<br>
Incluye fuente 12V<br>
Presentación: caja individual",4398,2,,USD,110,ELECTRONICA,PROYECTOR LED,
CM-43.109,1,TAPONES DE OIDOS Y NARIZ,"Set de tapones de oidos y de nariz para natación<br>
Marca GRILONG<br>
Material: silicona<br>
Presentación: set en caja",43109,12,,$,35,DEPORTES,TAPON OIDOS Y NARIZ,
CM-43.106,1,LENTES DE NATACION EN ESTUCHE,"Lentes de natación marca GRILONG<br>
Incluye tapones para oidos, de silicona<br>
En estuche<br>
Correa de silicona ajustable",43106,2,,$,245,DEPORTES,LENTES DE NATACION DZ-1600,
CM-43.102,1,PLANCHA A VAPOR,"Plancha marca REDMOND<br>
Modelo D-808<br>
A vapor<br>
Regulador de temperatura<br>
Luz indicadora de funcionamiento<br>
1200 W<br>
Incluye vaso graduado para llenado de tanque",43102,2,,USD,9,ELECTRODOMESTICOS,PLANCHA A VAPOR 1200W YPF,
CM-43.103,1,MIXER LICUADORA BATIDOR,Mixer batidor de alta velocidad,43103,2,,USD,19,ELECTRODOMESTICOS,MIXER LICUADORA BATIDOR KY692,
CM-43.96,1,SOPORTE PARA TV 100Kg,"Soporte universal para Monitores,TV led y LCD. Ref.: TV-520<br>
Soporta de &nbsp;10&quot; a 72&quot;. Peso máximo 100 kg.<br>
Distancia a la pared 3.5 cm<br>
Tipo de soporte: semi inclinado<br>
Presentación: set en caja, apta para exhibidor.<br>
Código de barras: 7899287705202",2941,1,,USD,6.5,ELECTRODOMESTICOS,SOPORTE PARA TV UNIVERSAL LC-800,
CM-43.107,1,GORRA DE NATACION,"Gorra de natación.<br>
100% silicona.<br>
Disponible en colores lisos, azul, blanco, negro y rosado<br>
Se vende en colores surtidos<br>
Presentación: en estuche individual, apto para exhibidor.",3310,6,,$,70,DEPORTES,GORRA NATACION SILICONA 4602,
CM-43.108,1,GORRA NATACIÓN,"Gorra de natación estampada<br>
NO impermeable<br>
Variedad de diseños (no a elección)<br>
Presentación: a granel",43108,6,,$,53,DEPORTES,GORRA NATACION DUCHA NO IMPERM. 4602A,
CM-43.104,1,JUGUERA ELECTRICA,"Diseño ergonómico moderno.<br>
Cuerpo de acero inoxidable<br>
Jugo de frutas enteras y vegetales.<br>
Sistema de seguridad incorporado con palanca de bloqueo de seguridad.<br>
Tapa transparente<br>
Capacidad de 1800 ml y <br>
Contenedor de pulpa de 2000 ml<br>
Vaso recolector de 450 cc",43104,2,,USD,49,ELECTRODOMESTICOS,JUGUERA ELECTRICA EXTRACTOR SHB-3086,
CM-43.110,1,LENTES DE NATACION,"Lentes de natación junior, infantiles<br>
Incluye tapones de oidos y de nariz<br>
Varios colores<br>
Correa regulable<br>
Presentación: set en blister, apto para exhibidor",,3,,$,95,DEPORTES,LENTES DE NATACION NIÐO JUNIOR G-1198,
CM-43.97,1,PARLANTE BLUETOOTH,"Parlante bluetooth a batería recargable<br>
Inalámbrico<br>
Control total desde el smartphone<br>
Lector de tarjetas de memoria y entrada auxiliar<br>
Conexión USB<br>
Hasta 15 horas de reproducción<br>
Carga mediante USB<br>
Resistente a salpicaduras<br>
Medidas: 22 x 10 cms<br>
Incluye Correa, cable USB y miniUSB<br>
Colores disponibles: rojo, negro, azul, gris y camuflado<br>
Presentación en caja individual",4397,2,,$,1595,ELECTRONICA,PARLANTE BLUETOOTH 17-3,
CM-44.47,1,BATIDOR MANUAL PLEGABLE,"Batidor manual plegable<br>
Material: plástico<br>
Plegable para fácil guardado<br>
Presentación; blister<br>
Medidas: largo 30 cm",4447,6,,$,59,BAZAR,BATIDOR MANUAL PLASTICO 027,
CM-44.48,1,CUCHARAS COCINA X3,"Juego de 3 cucharas para cocina<br>
3 largos de mango diferentes<br>
Material: plástico<br>
Largos : 25, 29 y 34 cm<br>
Presentación : set en blister, apto para exhibidor",4448,6,,$,59,BAZAR,CUCHARAS DE COCINA X 3  314-B,
CM-44.46,1,MAQUINA PARA PASTAS,"Máquina para amasar y cortar pastas.<br>
3 funciones en 1<br>
Estirador de masa con grosor regulable.<br>
Cortador para cintas finas y gruesas.<br>
Incluye manija metálica y prensa para mesa.<br>
Material: acero <br>
Presentación: caja individual.",32123,2,,USD,24,BAZAR,MAQUINA PASTA AMASAR TALLARINES 150,
CM-44.39,1,BASTON 4 APOYOS REGULABLE,"Bastón de 4 apoyos, de altura regulable.<br>
Excelente estabilidad<br>
Mango anatómico<br>
Altura regulable desde 68 a 85 cmm<br>
8 variaciones posibles , cada 2.4 cm<br>
Presentación: a granel",4174,2,,$,375,ORTOPEDIA,BASTON 4 APOYOS REGULABLE LG-J01,
CM-44.40,1,BASTON PLEGABLE REGULABLE,"Baston metálico plegable en 5 tramos<br>
De altura regulable 82 a 93 cms<br>
Regaton de goma antideslizante<br>
Mango plástico y correa<br>
Incluye estuche con broche de seguridad<br>
Variedad de colores.",4440,2,,$,225,ORTOPEDIA,BASTON PLEGABLE REGULABLE 12-1,
CM-44.37,1,CERRADURA CON 2 LLAVES,"Cerradura con cerrojo de seguridad<br>
3 llaves tipo YALE. <br>
Tambor extraible<br>
Reversible. <br>
Manijas cromadas<br>
Presentación: en caja individual.<br>
Medidas: 22.9 x 7,8 x 1.9 cm.",33177,1,,$,330,FERRETERIA,CERRADURA PUERTA 3 LLAVES 8945,
CM-44.38,1,CILINDRO PARA CERRADURA PUERTA,"Repuesto para cerradura<br>
Cilindro intercambiable con 3 llaves<br>
Presentación: blister",4438,3,,$,110,FERRETERIA,CILINDRO P/CERRADURA PUERTA 3 LLAV VA-3K,
CM-44.13,1,SEPARADOR DEDOS,"Separador de dedos de gomaeva.<br>
Presentación: set de dos unidades, en bolsa apta para exhibidor.<br>
Medidas: 9x3.5 cms.",30130,24,,$,14,TOCADOR,SEPARADOR DEDOS PAR 2-8,
CM-44.1,1,PINZA DE CEJAS,"Pinza de cejas metálica clásica.<br>
Marca: Zinger<br>
Presentación: blister individual, apto para exhibidor.<br>
Medidas: 9 x 0.9 cm<br>
Código de barras: 6937661801254",2879,12,,$,19,TOCADOR,PINZA DE CEJAS 2-9,
CM-44.2,1,ESPONJA FACIAL X2,"Set de 2 esponjas faciales<br>
Rectangular y circular<br>
Presentación: set en bolsa individual, apta para exhibidor.<br>
Empaque: paquete de 24 unidades",25347,24,,$,12,TOCADOR,ESPONJA FACIAL X2 2-5,
CM-44.3,1,LIMA ESCOFINA,"Lima y escofina 2 en 1<br>
Marca: Zinger<br>
Mango de plástico.<br>
Colores: rosado y celeste.<br>
Presentación: bolsa individual. Apta para exhibidor.<br>
Medidas: 17 x 3 cms.",2962,12,,$,16,TOCADOR,LIMA ESCOFINA ZINGER 2-6,
CM-44.4,1,MOLDE PARA CEJAS,"Molde para delinear cejas<br>
5 moldes con formas diferentes para delinear cejas<br>
Soporte intercambiable<br>
Material: plástico<br>
Presentación: set en blister, apto para exhibidor",444,6,,$,45,TOCADOR,MOLDE PARA CEJAS PLASTICO 2-13,
CM-44.5,1,TIJERA PELUQUERO ENTRESACAR,"Tijera de entresacar marca ZINGER<br>
Tipo profesional.<br>
Un filo dentado y uno normal<br>
Largo total 17 cms<br>
Con tuerca para desarmado<br>
Anatómica, con tope de goma<br>
Presentación: blister individual, apto para exhibidor",445,3,,$,245,TOCADOR,TIJERA PELUQUERO PROFESIONAL 2-15,
CM-44.7,1,GORRA DE BAÑO,"Gorra para baño en Nylon grueso, elastizada.<br>
Diseños: estampados varios.<br>
Presentación: caja de mica, apta para exhibidor.<br>
Tamaño: Standard.",3144,12,,$,25,TOCADOR,GORRA DE BAÐO 2-3,
CM-44.8,1,REMOVEDOR PUNTO NEGRO,"Removedor de punto negro ZINGER<br>
Tipo aguja, de doble punta<br>
En estuche individual<br>
Presentación: blister individual",4213,12,,$,28,TOCADOR,AGUJA PUNTO NEGRO 2-7,
CM-44.9,1,PINZA DE CEJAS PUNTA DORADA,"Pinza de cejas metálica clásica.<br>
Con punta dorada<br>
Marca: Zinger<br>
Presentación: blister individual, apto para exhibidor.<br>
Medidas: 9 x 0.9 cm",33155,6,,$,28,TOCADOR,PINZA DE CEJAS GOLD ZINGER 2-10,
CM-44.10,1,PALO NARANJA X12,"Juego de palos de naranja para manicuría.<br>
Retira cutícula y limpieza de la uña<br>
Largo aprox : 17 cm<br>
Presentación: bolsa de 12 unidades, apta para exhibidor.",3986,24,,$,24,TOCADOR,RETIRA CUTICULA PALO NARANJA x12  2-14,
CM-44.11,1,CORTA CALLOS,"Corta callos de acero con hojas intercambiables.<br>
Marca: ZINGER<br>
Incluye 5 hojas de repuesto.<br>
Presentación: set en blister apto para exhibidor.<br>
Medidas: largo: 14.5 cm",33156,6,,$,50,TOCADOR,RETIRA CALLOS C/5 HOJAS 2-12,
CM-44.12,1,ESPONJA EXFOLIANTE,"Esponja exfoliante simil titania<br>
Marca : Adoro<br>
Medidas: 10 x 5 x 2.5 cm<br>
4 colores diferentes<br>
Presentación: exhibidor de 24 unidades.",4215,1,,$,34,TOCADOR,ESPONJA EXFOLIANTE T/TITANIA B012,
CM-44.15,1,LIMA METALICA ZINGER 18cm,"Lima de uñas con saca cutícula.<br>
Marca ZINGER.<br>
Lima de 2 caras.<br>
Saca cutícula con capuchón protector.<br>
Presentación: blister individual, apto para exhibidor.<br>
Medidas: largo total 18cm. Lima: 9 cms.",349,12,,$,20,TOCADOR,LIMA METAL C/SACA CUTICULA 2-11,
CM-T2.1,1,TALADRO INALAMBRICO 12V,"Voltaje:12V<br>
2 Velocidades: 0-400/0-1250rpm<br>
Torque: 20 Nm<br>
Mandril:10mm ajuste automatico <br>
Posiciones de torque: 21+1+1<br>
Diseño liviano<br>
Incluye: 2 baterias 12 volt <br>
1 cargador de 2 hs<br>
Led<br>
Led en la bateria indicador de carga<br>
Voltaje del cargador:220-240V~50Hz<br>
Bolso con Accesorios",TDLI228120,2,,USD,77,TOTAL,TALADRO INALAMBRICOA 12V	TDLI228120,TOTAL
CM-T2.2,1,TALADRO INALAMBRICO 18V,"Voltaje 18 Volt<br>
2 velocidades: 0-400 / 0-1350 rpm<br>
Torque máx: 30Nm<br>
Mandril : 10m<br>
Pos torque: 18+1<br>
Con 2 baterías de Litio<br>
Incluye cargador 1hr<br>
Con luz led<br>
Led indicador de batería<br>
Incluye 13 accesorios<br>
En valija plástica",TDLI228180,2,,USD,132,TOTAL,TALADRO INALAMBRICO 18V	TDLI228180,TOTAL
CM-T2.4,1,ATORNILLADOR IMPACTO 18 V	TIDLI228181,"Voltaje de funcionamiento: 18V<br>
Velocidad sin carga: 0-2000RPM<br>
Impacto nominal: 0-2800IPM<br>
Fuerza de torsión máxima: 120NM<br>
Hex.collet: 1/4&quot; (6.35mm)<br>
Con luz led<br>
Indicador LED de energía de batería<br>
Tiempo de carga: 2 horas<br>
Voltios de carga: 220V-240V ~ 50 / 60Hz<br>
Con 2 baterías<br>
Con 48 piezas de accesorios.<br>
Valija plástica",,2,,USD,155,TOTAL,ATORNILLADOR IMPACTO 18 V	TIDLI228181,
CM-T2.5,2,ATORNILLADOR INALAMBRICO 4.8V	TD4486,"Voltaje de trabajo: 4.8V<br>
Velocidad sin carga: 180 rpm<br>
Control de Max.torque: 3.5 N.m<br>
Con luz de trabajo LED<br>
Indicador de energía de la batería<br>
Control de rotación de 2 sentidos .<br>
Con cargador de batería, tiempo estimado de carga : 5-7hr<br>
Con 17 unids 25mm Cr-V bits + Soporte<br>
Con soporte de broca magnética <br>
Con un taladro HSS de 6 piezas con vástago hexagonal / 1,5,2, 2,5.5,4,5 mm<br>
Presentación: set en blister",,2,,USD,26,TOTAL,ATORNILLADOR INALAMBRICO 4.8V	TD4486,
CM-T2.6,2,TALADRO PERCUTOR 650W,"Taladro con percutor<br>
Potencia: 650 W<br>
Velocidad sin carga: 0-3000rpm<br>
Capacidad del mandril:13mm<br>
Velocidad variable<br>
Reversa<br>
Percutor<br>
Empuñadura ergonómica SoftGrip",TG106136,2,,USD,40,TOTAL,TALADROA 650W PERCUTOR	TG106136,TOTAL
CM-T2.7,2,TALADRO 850W PERCUTOR	TG109136,"Taladro con percutor TOTAL<br>
Línea INDUSTRIAL<br>
Voltaje de funcionamiento: 220-240V ~ 50 / 60Hz<br>
Potencia de entrada: 850 W<br>
Velocidad sin carga: 0-2700 RPM<br>
Capacidad de taladrado máxima: 13mm<br>
Velocidad variable<br>
Giro en ambos sentidos avance / retroceso<br>
Función de martillo percutor<br>
Mango extra ajustable / removible de seguridad<br>
Profundímetro plástico",,2,,USD,51,TOTAL,TALADRO 850W PERCUTOR	TG109136,
CM-T2.9,1,TALADRO 650W + KIT HERRAM	THKTHP1012,"Juego de herramientas de 101 piezas<br>
Compuesto por:<br>
-- Taladro con percutor de 650W de potencia.<br>
&nbsp;&nbsp;&nbsp;&nbsp;&nbsp;Voltaje y frecuencia de funcionamiento: 220-240V ~ 50 / 60Hz, <br>
&nbsp;&nbsp;&nbsp;&nbsp;&nbsp;Portabrocas de 13 mm con llave incluida<br>
-- Martillo de uña de 8 Onzas (230g)<br>
-- Destornillador de paleta SL5.5 * 100 <br>
-- Destornillador phillips &nbsp;PH1 * 100 <br>
-- Pinza clásica con Alicate de 6&quot;&quot;<br>
-- Llave Inglesa ajustable de 6&quot;&quot;<br>
-- Mini nivel.<br>
-- Cinta métrica de acero de 3 metros<br>
-- Cutter trincheta <br>
-- Brocas helicoidales 5 piezas 2,3,4,5,6 mm<br>
-- Brocas para pared albañilería 5 piezas 4,5,6,8,10 mm<br>
-- Brocas para madera 4 piezas 4,5,6,8 mm<br>
-- 6 Unidades 1/4&quot;&quot; Socket Hexagonal 5mm 6mm 8mm 9mm 10mm 11mm<br>
-- 1 adaptador de zócalo de 4-6mm (25mm)<br>
-- 10 puntas de destornillador PH1, PH2, PZ1, PZ2, SL4, SL6, Hex4, Hex5, T20, T25<br>
-- Soporte magnético para puntas<br>
-- 30 Tornillos (10pcs * ST3.5,10pcs * ST4,10pcs * ST5)<br>
-- 30 piezas de tacos de plástico (10 piezas * 5 mm, 10 piezas * 6 mm, 10 piezas * 8 mm)<br>
Kit en valija plástica de seguridad",,2,1,USD,83,TOTAL,TALADRO 650W + KIT HERRAM	THKTHP1012,
CM-T2.11,2,AMOLADORA 800 W INDUST.	TG1081156,"Amoladora angular TOTAL de 800 W<br>
Línea INDUSTRIAL<br>
Voltaje / frecuencia de funcionamiento: 220-240V ~ 50 / 60Hz<br>
Potencia de entrada: 800W<br>
Velocidad sin carga: 11000 rpm<br>
Diámetro del disco: 115 mm<br>
Rosca del husillo: M14<br>
Con mango auxiliar<br>
Presentación: en caja",,2,,USD,43,TOTAL,AMOLADORA 800 W INDUST.	TG1081156,
CM-T2.14,1,AMOLADORA 2350W INDUST.	TG1262306,"Voltaje de funcionamiento: 220V-240V ~ 50 / 60Hz<br>
Potencia de entrada: 2600W<br>
Velocidad sin carga: 6200 rpm<br>
Diámetro del disco: 230 mm<br>
Rosca del husillo: M14<br>
Con mango auxiliar removible<br>
Presentación: en caja",,2,1,USD,131,TOTAL,AMOLADORA 2350W INDUST.	TG1262306,
CM-T2.15,1,PULIDORA 1400W INDUST.	TP1141806,"Pulidora marca TOTAL de línea IndustrialVoltaje de funcionamiento: 220V-240V ~ 50 / 60Hz<br>
Potencia de entrada: 1400W<br>
Velocidad sin carga: 900-3800rpm<br>
Diámetro de la almohadilla de pulido: 180 mm<br>
Caja de engranajes de aluminio duradero<br>
Incluye almohadilla de pulido<br>
Incluye bonete de pulido<br>
Presentación: set en caja",,2,,USD,99,TOTAL,PULIDORA 1400W INDUST.	TP1141806,
CM-T2.16,1,TALADRO ROTOMARTILLO 800W,"Voltaje: 220 - 240v / 50Hz<br>
Potencia: 800w<br>
Velocidad sin carga: 0 - 1200rpm<br>
Tiempo de impacto: 0 - 5300/min<br>
Fuerza de impacto: 2.5j<br>
Capacidad de perforación: concreto 26mm<br>
Encastre SDS plus",TH308266,2,1,USD,82,TOTAL,ROTO MARTILLO 800W	TH308266,TOTAL
CM-T2.17,2,ROTO MARTILLO 1800W INDUST.	TH118366,"Rotomartillo marca TOTAL, linea INDUSTRIAL<br>
Voltaje de funcionamiento: 220-240V ~ 50 / 60Hz<br>
Potencia de entrada: 1800W<br>
Velocidad sin carga: 850 rpm<br>
Tasa de impacto del percutor: 4200bpm<br>
Energía de impacto: 7.0J<br>
Capacidades de perforación máxima:<br>
&nbsp;Concreto: 36mm<br>
&nbsp;Acero: 13mm<br>
&nbsp;Madera: 42mm<br>
Sistema de mandril SDS plus<br>
Con 3 taladros y 2 cinceles.<br>
Control de perforación con o sin percutor<br>
Mango de seguridad ajustable y profundímetro<br>
Con valija plástica de seguridad",,2,,USD,173,TOTAL,ROTO MARTILLO 1800W INDUST.	TH118366,
CM-T2.18,1,MARTILLO DEMOLEDOR 1300W	TH213006,"Martillo de demolición marca TOTAL <br>
Línea INDUSTRIAL<br>
Voltaje y frecuencia de funcionamiento: 220V-240V ~ 50 / 60Hz<br>
Potencia de entrada: 1300W<br>
Tasa de impacto: 3800bmp<br>
Fuerza de impacto: 20J<br>
Sistema antivibratorio<br>
Sistema de mandril HEX<br>
Interruptor de demolacion 6Kgs<br>
Con 2 cinceles incluidos.<br>
Set en valija de alta resistencia",,2,,USD,160,TOTAL,MARTILLO DEMOLEDOR 1300W	TH213006,
CM-T2.20,1,MARTILLO DEMOLEDOR 1500W	TH215002,"Martillo de demolición marca TOTAL<br>
Línea INDUSTRIAL<br>
Voltaje y frecuencia de funcionamiento: 220-240V ~ 50 / 60Hz<br>
Potencia de entrada: 1500W<br>
Tasa de impacto: 1000-1900bmp<br>
Fuerza de impacto: 6-25J<br>
Sistema antivibratorio<br>
Escobillas de carbón de parada automática<br>
Sistema electrónico de potencia constante<br>
Sistema de cierre de cincel<br>
Sistema de mandril SDS-MAX<br>
Interruptor de demolacion 10 Kgs<br>
Incluye 2 cinceles.<br>
En valija plástica de alta resistencia",,2,,USD,299,TOTAL,MARTILLO DEMOLEDOR 1500W	TH215002,
CM-T2.21,2,SIERRA CIRCULAR 1400W,"Voltaje 220 - 240v / 50Hz<br>
Potencia 1400w ; 2 Hp<br>
Velocidad sin carga 4800 rpm<br>
Capacidad de corte 45°: 44mm / 90°: 65mm<br>
Diámetro de sierra 185mm<br>
Profundidad de corte ajustable<br>
Ángulo de corte ajustable de 0 a 45°<br>
Empuñadura ergonómica SoftGrip.",TS1141856,2,,USD,85,TOTAL,SIERRA CIRULAR 1400W	TS1141856,TOTAL
CM-T2.24,1,SIERRA CIRULAR 1400W CERAMICA 	TS3141102,"Cortadora de cerámica TOTAL<br>
Voltaje y frecuencia de funcionamiento: 220-240V ~ 50-60Hz<br>
Potencia de entrada: 1400W<br>
Velocidad sin carga: 13000 rpm<br>
Diámetro de cuchilla: 110x20mm.<br>
Capacidad de corte máximo: 34mm<br>
Profundidad de corte ajustable<br>
Empaque: caja de cartón",,2,,USD,71,TOTAL,SIERRA CIRULAR 1400W CERAMICA 	TS3141102,
CM-T2.26,1,ASPIRADOR SOPLADOR 800W - 	TB2086,"Aspirador soplador TOTAL 800W<br>
Incluye accesorios.<br>
Voltaje y frecuencias de funcionamiento: 220-240V ~ 50 / 60Hz<br>
Potencia de entrada: 800W<br>
Velocidad sin carga: 0-15000rpm<br>
Velocidad máxima de soplado: 0-4.5 m3 / min<br>
Velocidad variable<br>
Accesorios incluidos:<br>
&nbsp;&nbsp;1 unidad - bolsa de polvo<br>
&nbsp;&nbsp;1 unidad - tubo flexible<br>
&nbsp;&nbsp;2 pcs boquillas de succión<br>
Empaque: caja de cartón",,2,,USD,60,TOTAL,ASPIRADOR SOPLADOR 800W - 	TB2086,
CM-T2.28,1,AMOLADORA BANCO 350W - 	TBG35020,"Amoladora de banco marca TOTAL<br>
Voltaje y frecuencia de funcionamiento: 220-240V ~ 50Hz<br>
Potencia de entrada: 350W<br>
Velocidad sin carga: 2950 rpm<br>
Tamaño de la piedra: 200 mm (8&quot;&quot;）<br>
Estructura de aluminio de alta resistencia<br>
Base antideslizante<br>
Soporte de trabajo regulable y ajustable<br>
Llave de encendido/apagado<br>
Protector ocular transparente de seguridad <br>
Incluye caja de almacenamiento de la herramienta",,2,,USD,95,TOTAL,AMOLADORA BANCO 350W - 	TBG35020,
CM-T2.27,1,AMALODORA BANCO 150W - 	TBG15015,"Amoladora de banco marca TOTAL<br>
Voltaje y frecuencia de funcionamiento: 220-240V ~ 50Hz<br>
Potencia de entrada: 150W<br>
Velocidad sin carga: 2950 rpm<br>
Tamaño de la piedra: 150 mm (6&quot;&quot;）<br>
Estructura de aluminio de alta resistencia<br>
Base antideslizante<br>
Soporte de trabajo regulable y ajustable<br>
Llave de encendido/apagado<br>
Protector ocular transparente de seguridad <br>
Caja de almacenamiento de la herramienta 1pcs",,2,,USD,45,TOTAL,AMALODORA BANCO 150W - 	TBG15015,
CM-T2.30,1,BOMBA CONTROL AUTOMATICO - 	TWPS102,"Control automatico para bomba marca TOTAL<br>
Tensión nominal: 220-240V<br>
Frecuencia: 50 / 60Hz<br>
Presion de inicio: 1.5bar<br>
Corriente máx .: 10A<br>
Presión máx .: 10 bar<br>
Diámetro de la tubería: 1&quot; x1&quot;<br>
Grado de protección: IP65<br>
Empaque: caja",,2,,USD,42,TOTAL,BOMBA CONTROL AUTOMATICO - 	TWPS102,
CM-T2.31,1,DESMALEZADORA NAFTA - 	TP445441,"Desmalezadora y bordeadora a nafta TOTAL<br>
Línea: INDUSTRIAL<br>
Cilindrada: 45cc<br>
Potencia nominal: 1.5Kw (2HP)<br>
Velocidad máxima: 10000 RPM<br>
Corte máximo: 440mm<br>
Medida de tanza: 2.5mmx4m<br>
Diámetro de la hoja: 230mm (3 DIENTES)<br>
Capacidad del tanque de combustible: 1200 ml<br>
Potente motor de 2 tiempos.<br>
Doble función: Bordeadora y Desmalezadora<br>
Embalaje : en caja",,2,,USD,135,TOTAL,DESMALEZADORA NAFTA - 	TP445441,
CM-T2.32,1,MOTOSIERRA NAFTA 45CM - 	TG945185,"Motosierra a nafta TOTAL de 18&quot;<br>
Cilindrada: 45.8 cc<br>
Potencia nominal: 1.8Kw<br>
Velocidad de ralentí: 3200 rpm<br>
Diámetro máximo de corte: 445 mm (18&quot;)<br>
Capacidad del tanque de combustible: 550 ml<br>
Capacidad del tanque de aceite: 260 ml<br>
Potente motor de 2 tiempos.<br>
Empaque: caja de cartón",,2,,USD,129,TOTAL,MOTOSIERRA NAFTA 45CM - 	TG945185,
CM-T2.19,2,MARTILLO DEMOLICION 1700W,"Voltaje: 220-240v - 50-60hz<br>
Potencia de entrada: 1700w<br>
Número de percusiones: 1900 bmp<br>
Fuerza de choque: 50 J<br>
Sistema hexagonal SDS<br>
Incluye dos cinceles hexagonales<br>
Peso: 16 kg",215456B,2,,USD,259,TOTAL,MARTILLO DEMOLICION 1700W - 	TH215456,TOTAL
CM-T2.64,2,JUEGO 8 LLAVES 2 BOCAS- 	THT102386,"Juego de 8 llaves de doble boca<br>
Marca TOTAL<br>
Línea INDUSTRIAL<br>
De 6 a 22 mm<br>
Material: Cromo vanadio<br>
06 x 07 mm<br>
08 x 09 mm<br>
10 x 11 mm<br>
12 x 13 mm<br>
14 x 15 mm<br>
16 x 17 mm<br>
18 x 19 mm<br>
20 x 22 mm<br>
Incluye soporte",,2,,USD,15.1,TOTAL,JUEGO 8 LLAVES 2 BOCAS- 	THT102386,
CM-T2.34,1,MARTILLO MECANICO 300G,"Martillo de pena TOTAL<br>
Peso: 300g<br>
Forjado con acero al carbono #45 de primera calidad<br>
Con tratamiento térmico<br>
Mango de fibra de vidrio anatómico y antideslizante",THT713006,2,0,USD,4.2,TOTAL,MARTILLO DE PENA 500G	THT713006,TOTAL
CM-T2.35,1,MARTILLO DE PENA 300G	THT715006,"Martillo de pena TOTAL<br>
Peso: 500g<br>
Forjado con acero al carbono #45 de primera calidad<br>
Con tratamiento térmico<br>
Mango de fibra de vidrio anatómico y antideslizante",,2,,USD,5.6,TOTAL,MARTILLO DE PENA 300G	THT715006,
CM-T2.36,1,MARTILLO MACETA 1000G,"Martillo maceta de albañil TOTAL<br>
Peso: 1000g (1kg)<br>
Forjado en acero al carbono 45#<br>
Con tratamiento térmico<br>
Mango de fibra de vidrio anatómico antideslizante.",THT7210006,2,0,USD,7.5,TOTAL,MARTILLO MACETA 1KG	THT7210006,TOTAL
CM-T2.37,1,MARTILLO MACETA 1.5KG	THT7215006,"Martillo maceta de albañil TOTAL<br>
Peso: 1500g (1.5kg)<br>
Forjado en acero al carbono 45#<br>
Con tratamiento térmico<br>
Mango de fibra de vidrio anatómico antideslizante.",,2,,USD,9.7,TOTAL,MARTILLO MACETA 1.5KG	THT7215006,
CM-T2.38,1,MARTILLO UÐA 220G	THT7386,"Martillo de uña TOTAL<br>
Peso: 220g / 8onzas.<br>
Forjado en acero al carbono 45#<br>
Con tratamiento térmico<br>
Mango de fibra de vidrio anatómico antideslizante.",,2,,USD,4.6,TOTAL,MARTILLO UÐA 220G	THT7386,
CM-T2.39,1,MARTILLO CON UÑA 450G,"Martillo de uña TOTAL<br>
Peso: 450g / &nbsp;16onzas.<br>
Forjado en acero al carbono 45#<br>
Con tratamiento térmico<br>
Mango de fibra de vidrio anatómico antideslizante.",THT73166,2,,USD,5.9,TOTAL,MARTILLO UÐA 450G	THT73166,TOTAL
CM-T2.40,1,HACHA 600G	THT786006,"Hacha TOTAL<br>
Tipo INDUSTRIAL<br>
Peso: 600g<br>
Forjada en acero al carbono #45<br>
Tratamiento térmico<br>
Mango de fibra de vidrio antideslizante",,2,0,USD,7.6,TOTAL,HACHA 600G	THT786006,
CM-T2.41,1,"ALICATE PINZA 6""	THT130606P","Alicate de corte 6&quot; TOTAL<br>
Tamaño: 6&quot; / 160mm<br>
Material : Cromo vanadio<br>
Mango antideslizante de seguridad",,2,,USD,4.3,TOTAL,"ALICATE PINZA 6""	THT130606P",
CM-T2.42,1,"LLAVE INGLESA 12""	THT171206","Llave de caño tipo Stillson TOTAL 12&quot;<br>
Tamaño: 12&quot; (300mm)<br>
Diámetro máximo de sujeción: 42 mm<br>
Mandíbula móvil forjada con acero al carbono de alta calidad.<br>
Tuerca de ajuste moldeada y templada<br>
Material del cuerpo: fundición dúctil<br>
Dientes fuertes que permite una gran fuerza de compresión<br>
Cuerpo extra largo para lograr mayor fuerza de torsión.",,2,,USD,9.15,TOTAL,"LLAVE INGLESA 12""	THT171206",
CM-T2.43,1,"LLAVE INGLESA 14""	THT171146","Llave de caño tipo Stillson TOTAL 14&quot;<br>
Tamaño: 14&quot; (350mm)<br>
Diámetro máximo de sujeción: 42 mm<br>
Mandíbula móvil forjada con acero al carbono de alta calidad.<br>
Tuerca de ajuste moldeada y templada<br>
Material del cuerpo: fundición dúctil<br>
Dientes fuertes que permite una gran fuerza de compresión<br>
Cuerpo extra largo para lograr mayor fuerza de torsión.",,2,,USD,10.4,TOTAL,"LLAVE INGLESA 14""	THT171146",
CM-T2.44,1,"LLAVE INGLESA 18""	THT171186","Llave de caño tipo Stillson TOTAL 18&quot;<br>
Tamaño: 18&quot; (450mm)<br>
Diámetro máximo de sujeción: 42 mm<br>
Mandíbula móvil forjada con acero al carbono de alta calidad.<br>
Tuerca de ajuste moldeada y templada<br>
Material del cuerpo: fundición dúctil<br>
Dientes fuertes que permite una gran fuerza de compresión<br>
Cuerpo extra largo para lograr mayor fuerza de torsión.",,2,,USD,15.5,TOTAL,"LLAVE INGLESA 18""	THT171186",
CM-T2.45,1,"SIZALLA 8""	THT11386","Cizalla TOTAL 8&quot;<br>
Tipo INDUSTRIAL<br>
Corta bulón<br>
Tamaño: 8&quot;&quot;<br>
Cuchilla de Cromo Vanadio<br>
Acabado negro y pulido.<br>
TPR mango de dos colores<br>
Corte ajustable <br>
Con traba de cierre de mango",,2,,USD,5.2,TOTAL,"SIZALLA 8""	THT11386",
CM-T2.46,1,"SIZALLA 14""	THT113146","Cizalla TOTAL 14&quot;<br>
Tipo INDUSTRIAL<br>
Tamaño: 14&quot;&quot;<br>
Corta hasta un diámetro de 7mm<br>
Cuchilla de Cr-V<br>
Acabado negro y pulido.<br>
TPR mango de dos colores de goma antideslizante",,2,,USD,13,TOTAL,"SIZALLA 14""	THT113146",
CM-T2.47,1,"SIZALLA 18""	THT113186","Tamaño: 18&quot;<br>
Corta hasta un diámetro de 8mm<br>
Cuchilla de Cr-V<br>
Acabado negro y pulido.<br>
TPR mango de dos colores de goma antideslizante",,2,,USD,17.7,TOTAL,"SIZALLA 18""	THT113186",
CM-T2.48,1,"SIZALLA 24""	THT113246","Tamaño: 24&quot;<br>
Corta hasta un diámetro de 10 mm<br>
Cuchilla de Cr-V<br>
Acabado negro y pulido.<br>
TPR mango de dos colores de goma antideslizante",,2,,USD,23.5,TOTAL,"SIZALLA 24""	THT113246",
CM-T2.49,1,PINZA CORTA TUBO 42MM	THT53422,"Tijera corta tubo / caño TOTAL<br>
Longitud: 225mm<br>
Diámetro de corte: 3-42mm<br>
Material: Aluminio<br>
Presentación: en blister",,2,,USD,10.4,TOTAL,PINZA CORTA TUBO 42MM	THT53422,
CM-T2.50,2,DESTORNILLADORES SET X6 PZAS,"Juego de 6 destornilladores TOTAL <br>
Línea INDUSTRIAL<br>
<br>
Nuevo diseño de mango de mayor seguridad y comodidad<br>
Material: CR-V<br>
Compuesto por: <br>
1 unidad SL 5.5 * 5 * 75- 1 unidad SL 5.5 * 5 * 100 - <br>
1 unidad SL 6.5 * 6 * 150 - <br>
1 unidad PH 1 * 5 * 75 - <br>
1 unidad PH 1 * 5 * 10 - 0<br>
1 unidad PH 2 * 6 * 150<br>
Presentación: blister",THT250606,2,,USD,6.95,TOTAL,DESTORNILLADORES X6	THT250606,TOTAL
CM-T2.51,1,DESTORNILLADORES X 18	THT250618,"Juego de 18 destornilladores comunes y de precisión TOTAL.<br>
Con organizador de pared<br>
Nuevo diseño de mango, mayor seguridad y comodidad.<br>
Material: CR-V, cuerpo cilíndrico<br>
- Juego de 8 destornilladores comunes:<br>
&nbsp;&nbsp;&nbsp;1 unidad de : SL5.5 * 5 * 75 - SL6.5 * 6 * 100 - SL8.0 * 8 * 150 - SL6.5 * 6 * 38 - PH1 * 5 * 75 - PH2 * 6 * 100 - PH3 * 8 * 150 - PH2 * 6 * 38<br>
- Juego de destornilladores de precisión de 10 piezas<br>
&nbsp;&nbsp;&nbsp;SL 1.5 * 50 - SL2 * 50 - SL2.5 * 50 - SL3 * 50 - PH 000 * 50 - PH 00 * 50 - PH 0 * 50 - T6 * 50 - T8 * 50 - T10 * 50<br>
Incluye soporte organizador para pared<br>
Presentación: en blister",,2,,USD,20,TOTAL,DESTORNILLADORES X 18	THT250618,
CM-T2.52,1,DESTORNILLADOR PRECISION X7	THT250726,"Juego de destornilladores de precisión TOTAL de 7 Piezas<br>
nuevo diseño de mango y nueva caja de plástico.<br>
Línea INDUSTRIAL<br>
Compuesto por:<br>
&nbsp;&nbsp;SL 2.0 * 50 <br>
&nbsp;&nbsp;SL 2.5 * 50, <br>
&nbsp;&nbsp;SL 3.0 * 50, <br>
&nbsp;&nbsp;PH 00 * 50, <br>
&nbsp;&nbsp;PH 0 * 50,<br>
&nbsp;&nbsp;T &nbsp;6 * 50,<br>
&nbsp;&nbsp;T &nbsp;8 * 50.<br>
Material: CR-V<br>
Mango ergonómico de agarre cómodo<br>
Empaque caja de plástico",,,,USD,7.6,TOTAL,DESTORNILLADOR PRECISION X7	THT250726,
CM-T2.53,1,DESTORNILLADOR 6 PUNTAS	THT2506076,"Juego de destornilladores TOTAL<br>
Línea INDUSTRIAL<br>
Tipo puntas intercambiables 6 en 1<br>
2 piezas de dos puntas:<br>
&nbsp;&nbsp;6.35 * 65 mm PH 1 + SL 5<br>
&nbsp;&nbsp;8.00 * 75mm &nbsp;PH 2 + SL 6<br>
Zócalo Hexagonal 2 pcs: 6 mm, 8 mm<br>
Material: CR-V<br>
Mango de goma de seguridad",,,,USD,4.4,TOTAL,DESTORNILLADOR 6 PUNTAS	THT2506076,
CM-T2.54,1,DESTORNILLAODR 9 PUNTAS	THT250906,"Juego de destornilladores intercambiables TOTAL<br>
Compuesto por :<br>
3 piezas SL 3x65 - 5x65 - 6x65<br>
3 piezas PH 0x65 - 1x65 - 2x65<br>
1 pieza 5x65 removedor de clavos / tachuelas<br>
1 pieza 3x65 rascador punzón<br>
Material: CR-V<br>
Mango ergonómico antideslizante <br>
Presentación: set en blister",,2,,USD,8.2,TOTAL,DESTORNILLAODR 9 PUNTAS	THT250906,
CM-T2.55,1,DESTORNILLADOR 13 EN 1	TACSD30136,"Juego de destornilladores TOTAL con cricket 13 en 1<br>
Compuesto por:<br>
Manija de cricket <br>
Mango articuloado antideslizante<br>
Puntas de destornillador de 12 piezas 6.35 * 25 mm<br>
Tamaño: SL4, SL5, SL6, SL7, PH0, PH1, PH2, PH3, PZ0, PZ1, PZ2, PZ3<br>
Material: CR-V<br>
Empaque: blister",,2,,USD,6.45,TOTAL,DESTORNILLADOR 13 EN 1	TACSD30136,
CM-T2.56,1,HERRAMIENTAS KIT 25 PZ	THKTHP90256,"Kit INDUSTRIAL de herramientas TOTAL<br>
Compuesto por 25 herramientas manuales<br>
Compuesto por:<br>
1 pinza con alicate de 7&quot;<br>
1 alicate de corte diagonal de 6&quot;<br>
1 llave ajustable de 8&quot;<br>
Cinta métrica de acero de 3m x 16mm<br>
1 destornillador de puntas intercambiebles de 100 mm con ajuste magnético<br>
20 puntas para destornillador intercambiables <br>
Tipos de puntas: SL3 SL4 SL5 SL6 PH0 PH1 PH2 PH3 PZ0 PZ1<br>
PZ2 PZ3 T10 T15 T20 T30 H3 H4 H5 H6<br>
Empaque : en valija pástica",,2,,USD,31,TOTAL,HERRAMIENTAS KIT 25 PZ	THKTHP90256,
CM-T2.58,1,PUNTA CINCEL 250 X 16 X 22	THT4211026,"Punta Cincel TOTAL <br>
Punta chata de 22 mm<br>
Grosor del cincel: 16mm<br>
Longitud: 250 mm<br>
Material ： acero al carbono #45<br>
Forjada y con tratamiento térmico.<br>
Con agarre y protector para la mano, de goma",,52,,USD,3.6,TOTAL,PUNTA CINCEL 250 X 16 X 22	THT4211026,
CM-T2.59,1,PUNTA CINCEL 250 X 16	THT4221026,"Punta Cincel TOTAL <br>
Punta de 4 mm<br>
Grosor del cince: 16mm<br>
Longitud: 250 mm<br>
Material ： acero al carbono #45<br>
Forjada y con tratamiento térmico.<br>
Con agarre y protector para la mano, de goma",,2,,USD,3.6,TOTAL,PUNTA CINCEL 250 X 16	THT4221026,
CM-T2.60,1,PUNTA CINCEL 300 X 18	THT4221226,"Punta Cincel TOTAL <br>
Punta de 4 mm<br>
Grosor del cince: 18mm<br>
Longitud: 250 mm<br>
Material ： acero al carbono #45<br>
Forjada y con tratamiento térmico.<br>
Con agarre y protector para la mano, de goma",,2,,USD,4.4,TOTAL,PUNTA CINCEL 300 X 18	THT4221226,
CM-T2.61,1,"REMACHADORA POP 10.5""	THT32105","Remachadora pop TOTAL<br>
Línea INDUSTRIAL <br>
Tamaño: 10.5&quot;<br>
Cuerpo de aleación de aluminio<br>
Aplica los siguientes tipos de remache:<br>
&nbsp;&nbsp;2.4 mm<br>
&nbsp;&nbsp;3.2 mm<br>
&nbsp;&nbsp;4.0 mm<br>
&nbsp;&nbsp;4.8 mm<br>
Mango de goma antideslizante<br>
Presentación: blister",,2,,USD,9,TOTAL,"REMACHADORA POP 10.5""	THT32105",
CM-T2.62,1,ENGRAPADORA MANUAL 4-14MM	THT31142,"Grapadora TOTAL<br>
Línea INDUSTRIAL<br>
Tamaño de las grapas: 4 a 14mm<br>
Grapas diámetro exterior: 11.3mm.<br>
Ancho de las grapas 1.2mm<br>
Peso ： 800g<br>
Con 1000 grapas de regalo<br>
Empaque: blister",,2,,USD,18,TOTAL,ENGRAPADORA MANUAL 4-14MM	THT31142,
CM-T2.63,1,SIERRA ARCO INDUSTRIAL	THT54106,"Arco de sierra para metales TOTAL<br>
Línea INDUSTRIAL<br>
Tamaño: 300 mm / 12&quot;<br>
Estructura de acero resistente<br>
Aluminio + ABS + TPR mango, fuerte y cómodo<br>
Tensión ajustable<br>
Mecanismo de cambio de cuchilla de liberación rápida<br>
Incluye: 1 hoja de sierra 65Mn",,2,,USD,10.9,TOTAL,SIERRA ARCO INDUSTRIAL	THT54106,
CM-T2.65,1,"LLAVE FRANCESA 10""	THT101106","Llave ajustable tipo francesa TOTAL<br>
Longitud: 250 mm (10&quot;)<br>
Material: Cromo Vanadio<br>
Tamaño de boca ajustable: 0-35mm<br>
Mango de goma bicolor antideslizante<br>
Presentación blister",,2,,USD,10.2,TOTAL,"LLAVE FRANCESA 10""	THT101106",
CM-T2.66,1,"LLAVE FRANCESA 12""	THT101126","Llave ajustable tipo francesa TOTAL<br>
Longitud: 350mm (12&quot;&quot;)<br>
Material: CrV<br>
Tamaño de boca ajustable: 0-35mm<br>
Mango de goma bicolor antideslizante<br>
Presentación blister",,2,,USD,15.1,TOTAL,"LLAVE FRANCESA 12""	THT101126",
CM-T2.69,1,NIVEL ALUMINIO 225MM	TMT2235,"Mini nivel de aluminio TOTAL <br>
Longitud: 225mm<br>
Magnético<br>
Nivelación de 3 ángulos<br>
&nbsp;0º<br>
&nbsp;45º<br>
&nbsp;90º<br>
Material: Aluminio y plástico ABS.",,2,,USD,2.75,TOTAL,NIVEL ALUMINIO 225MM	TMT2235,
CM-T2.71,1,NIVEL ALUMINIO 80CM	TMT2806,"Nivel de aluminio TOTAL <br>
Línea INDUSTRIAL<br>
Longitud: 80cm<br>
Ranura en forma de V para medir objetos cilíndricos.<br>
Magnético<br>
Nivelación de 3 ángulos<br>
&nbsp;0º<br>
&nbsp;45º<br>
&nbsp;90º<br>
Burbuja de precisión de 0,5 mm / m<br>
Grosor del aluminio: 1.5 mm",,2,,USD,13.5,TOTAL,NIVEL ALUMINIO 80CM	TMT2806,
CM-T2.72,1,NIVEL ALUMINIO 1 METRO	TMT21006,"Nivel de aluminio TOTAL <br>
Línea INDUSTRIAL<br>
Longitud: 1 metro<br>
Ranura en forma de V para medir objetos cilíndricos.<br>
Magnético<br>
Nivelación de 3 ángulos<br>
&nbsp;0º<br>
&nbsp;45º<br>
&nbsp;90º<br>
Burbuja de precisión de 0,5 mm / m<br>
Grosor del aluminio: 1.5 mm",,2,,USD,16.4,TOTAL,NIVEL ALUMINIO 1 METRO	TMT21006,
CM-T2.73,1,LINTERNA LED MINERO	THL013AAA2,"Linterna de vincha tipo &quot;minero&quot; TOTAL <br>
CREE XPE2-R3 LED<br>
Brillo:<br>
&nbsp;&nbsp;Max: 180 lúmenes<br>
&nbsp;&nbsp;Bajo: 45 lúmenes.<br>
Utilice pilas alcalinas AAA<br>
Distancia máxima del haz de luz: 50 metros<br>
Resistente a la lluvia IPX4<br>
Presentación : blister",,2,,USD,15,TOTAL,LINTERNA LED MINERO	THL013AAA2,
CM-44.32,1,BRILLO LABIAL MATTE,,,12,,$,42,COSMETICA,LABIAL BRILLO MATTE LG1732,
CM-44.27,1,DELINEADOR Y MASCARA SET,,44,12,,$,97,COSMETICA,DELINEADOR Y MASCARA CS397,
CM-44.35,1,SOMBRA X27 COLORES,,,2,,$,290,COSMETICA,SOMBRA PALETA X27 ES2624-2/4,
CM-44.36,1,POLVO COMPACTO OIL CONTROL,,,24,,$,85,COSMETICA,POLVO FACIAL OIL CONTROL USHAS FC523A,
CM-44.34,1,MASCARA SOMBRA LAPIZ SET,,,3,,$,125,COSMETICA,MASCARA SOMBRA LAPIZ -SET- E17147A USHAS,
CM-JP2.1,1,BODY MIST VANILL,,,12,,$,125,PERFUMES,BODY MIST I.SECRET SENSUAL VANILLA 8.4OZ,
CM-JP2.2,1,BODY MIST SHEER ATRACTION,,,12,,$,125,PERFUMES,BODY MIST I.SECRET SHEER ATRACTION 8.4OZ,
CM-JP2.3,1,BODY MIST PEAR TMPTATION,,,12,,$,125,PERFUMES,BODY MIST I.SECRET PEAR TEMPTATION 8.4OZ,
CM-JP2.4,1,BODY MIST AMBER FLIRT,,,12,,$,125,PERFUMES,BODY MIST I.SECRET AMBER FLIRT 8.4OZ,
CM-JP2.5,1,BODY MIST ENCHANTED KISS,,,12,,$,125,PERFUMES,BODY MIST I.SECRET ENCHANTED KISS 8.4OZ,
CM-JP2.6,1,BODY MIST STRAWBERRY KISS,,,12,,$,125,PERFUMES,BODY MIST I.SECRET STRAWBERRY KISS 8.4OZ,
CM-44.42,1,POLVO COMPACTO ALOE,"Polvo compacto ALOE<br>
Marca LIDANXIU<br>
3 tonos de color diferente<br>
Incluye esponja aplicadora.<br>
Presentación: exhibidor de 24 pzas.",39110,6,,$,49,COSMETICA,POLVO FACIAL ALOE 8808,
CM-44.45,1,SOMBRA X18 COLORES LIDANXIU,,,12,,$,58,COSMETICA,SOMBRA PETACA 8818,
CM-44.43,1,SOMBRA X7 LIDANXIU,,,12,,$,68,COSMETICA,SOMBRA X 7 3108,
CM-44.44,1,LABIAL LIDANXIU 3123,,,24,,$,33,COSMETICA,LABIAL 3123 C560,
CM-44.26,1,DELINEADOR LIQUIDO USHAS,,,12,,$,58,COSMETICA,DELINEADOR USHAS SMOOTHLY EL310,
CM-44.28,1,SOMBRA LAPIZ USHAS,,,12,,$,39,COSMETICA,SOMBRA LAPIZ USHAS TP102B,
CM-44.33,1,LABIAL USHAS,,,36,,$,33,COSMETICA,"LABIAL LAPIZ USHAS LI190A,B",
CM-44.23,1,REMOVEDOR DE MAQUILLAJE,,,12,,$,198,COSMETICA,REMOVEDOR MAQUILLAJE USHAS FS133,
CM-43.111,1,POLVO COMPACTO MATE LIDANXIU,"Polvo compacto marca LIDANXIU<br>
Disponible UNICAMENTE Tono 4<br>
Tipo ; MATE<br>
Tamaño XL, diámetro: 9.5cm<br>
Incluye espona aplicadora<br>
Presentación: exhibidor de 12 unidades.",4239,6,,$,87,COSMETICA,POLVO COMPACTO MATE MARKER 3206,
CM-43.112,1,POLVO COMPACTO MATE ALOE,,43112,12,,$,87,COSMETICA,POLVO COMPACTO MATE ALOE 3206-A,
CM-43.113,1,LABIAL MATE,,43113,12,,$,14,COSMETICA,LABIAL MATE 3702,
CM-43.114,1,LABIAL 3D MATE,"Lápiz labial marca Lidanxiu<br>
Modelo 3D colores MATE<br>
12 colores diferentes.<br>
Capuchón transparente<br>
Presentación : exhibidor de 24 unidades",418,6,,$,32,COSMETICA,LABIAL 3D COLD 3116,
CM-43.115,1,ESMALTE DE UÑAS 8019,,43115,24,,$,23,COSMETICA,ESMALTE UÐAS 8019A,
CM-43.117,1,LABIAL MATE 24H,,43117,24,,$,42,COSMETICA,LABIAL MATE 24H MR-115,
CM-43.118,1,ESMALTE DE UÑAS ESPEJO,,43118,12,,$,75,COSMETICA,ESMALTE UÐAS ESPEJO JM02,
CM-43.119,1,SOMBRA 18 COLORES,,43119,12,,$,52,COSMETICA,SOMBRA KASANDRA X 18 F360,
CM-43.120,1,DELINEADOR EN GEL MIIS,,43121,6,,$,32,COSMETICA,DELINEADOR GEL G01,
CM-43.121,1,DELINEADOR LIQUIDO MISS,,43121,12,,$,32,COSMETICA,DILINEADOR MISS 840,
CM-43.122,1,MASCARA MAX,,,12,,$,32,COSMETICA,MASCARA MAX B26,
CM-43.123,1,TINTA PELO,,43123,12,,$,32,COSMETICA,TINTA PELO 11-2,
CM-43.125,1,ESMALTE DE UÑAS,,43125,24,,$,23,COSMETICA,ESMALTE UÐAS 1710,
CM-43.126,1,TINTURA MECHAS PELO HUG11132,"Set para tintura de pelo.<br>
Se elimina el color con el lavado de cabello.<br>
Apto para todos los colores de cabello.<br>
4 colores: Rosado, Azul, Fucsia y verde<br>
Con aplicador incluido y muy fácil de usar.<br>
Presentación: set en caja , apta para exhibidor.",43126,2,,$,130,COSMETICA,TIZA PELO COLOR X6 B005,
CM-43.127,1,ENCHUFE ADAPTADOR 110V,"Ficha adaptadora para enchufes de paleta chata<br>
Se adapta a cualquier tipo de enchufe.<br>
No posee conexión a tierra<br>
Presentación: a granel<br>
Disponible en color blanco",373132,15,,$,6.6,FERRETERIA,CONECTOR FICHA USA,
CM-43.128,1,TIZA COLOR CABELLO 12 COLORES,"Tiza de colores para cabello.<br>
Set de 12 colores.<br>
Color instantáneo. Se aplica con el pelo húmedo o seco.<br>
Colorea temporalmente el cabello y se quita con el siguiente lavado.<br>
Presentación: set en caja.",4037,2,,$,130,TOCADOR,TIZA PELO COLOR 6-5,
CM-44.50,1,PERFUME ONLYOU,,4450,12,,$,119,PERFUMES,PERFUME ONLYOU	 OLU830-12,
CM-44.51,1,PERFUME ONLYOU,,4451,12,,$,119,PERFUMES,PERFUME ONLYOU	OLU830-4,
CM-44.55,1,SHAMPOO CANAS DEXE X10 SOBRES,,4455,2,,$,187,COSMETICA,SHAMPOO CANAS-NEGRO 20G X10 DEXE640,
CM-44.56,1,CASCO PROFESIONAL S,"Casco tipo profesional<br>
Talle: S (55-56 cm)<br>
Colores opacos<br>
Con protección interior de espuma<br>
Correas regulables, con cierre de presión.<br>
Presentación: a Granel.<br>
Colores Varios",4456,2,,USD,13,DEPORTES,CASCO BICI-URBANO-T/PROFEC. GKL/GKS,
CM-44.57,1,CASCO NIÑO BICICLETA T/PROF,,4457,,,$,208,DEPORTES,CASCO NIÐO BICI-ROLLER NEW S507,
CM-44.58,1,CASCO NIÑO BICICLETA,,4458,6,,$,155,DEPORTES,CASCO NIÐO BICI-ROLLER SXQH6,
CM-44.59,1,CASCO INFANTIL,,4459,2,,USD,13,DEPORTES,CASCO NIÐO BICI-ROLLER T/PROFEC. 201801,
CM-44.60,1,CASCO BICI PROFESIONAL,,4460,3,0,USD,13,DEPORTES,CASCO BICI PROFESIONAL ONE SISE YF12,
CM-44.61,1,LAVATORIO PELUQUERIA,"Lavatorio para peluquería.<br>
Base de 4 radios <br>
Pileta regulable en inclinación y en altura <br>
Caño de desagüe y tapón de goma incluidos<br>
Fabricado en PVC <br>
Medidas:altura: de 85 a 130 cms<br>
Presentación: a granel.",3862,1,,USD,31,TOCADOR,LAVATORIO PELUQUERA 8-4,
CM-44.62,1,PINZA PELUQUERA METAL 4.5 CM X100,,4462,2,,$,210,TOCADOR,PINZA PELUQUERA METAL 4.5CM X100 8-10,
CM-44.63,1,TINTURA MECHAS PELO HUG11132,"Set para tintura de pelo.<br>
Se elimina el color con el lavado de cabello.<br>
Apto para todos los colores de cabello.<br>
4 colores: Rosado, Azul, Fucsia y verde<br>
Con aplicador incluido y muy fácil de usar.<br>
Presentación: set en caja , apta para exhibidor.",3521,2,,$,110,TOCADOR,TIZA PELO X4 COLORES 8-5,
CM-44.64,1,TIZA PELO COLOR GDE X12,"Tiza de colores para cabello.<br>
Set de 12 colores.<br>
Color instantáneo. Se aplica con el pelo húmedo o seco.<br>
Colorea temporalmente el cabello y se quita con el siguiente lavado.<br>
Presentación: set en caja.",42153,4,,$,128,TOCADOR,TIZA PELO X12 COLORES 8-3,
CM-44.65,1,BOTELLA ROCIADORA ALUMINIO 250 ML 4-2,"Botella rociadora indestructible<br>
Material: ALUMINIO <br>
Rociador con tipo de salida regulable<br>
Capacidad: 250 ml.<br>
Presentación: en bolsa individual, apta para exhibidor.",4032,3,,$,79,TOCADOR,BOTELLA ROCIADORA ALUMINIO 300CC 8-2,
CM-44.66,1,RELOJ TIMER PLÁSTICO,,4466,12,,$,248,BAZAR,RELOJ TIMER MINUTERO COCINA PELUQUERIA,
CM-44.67,1,ONDULIN POTE X 300 PZAS,,4467,,,$,157,TOCADOR,ONDULIN POTE X 300 UNID. 8-6,
CM-44.69,1,CAPA PELUQUERA 98 X 142 CM,"Capa protectora de tela para peluquería.<br>
Colores: rojo, amarillo y azul<br>
Medidas: 142 x 98 cm<br>
Presentación: en bolsa individual",2737,3,,$,77,TOCADOR,CAPA PELUQUERA 8-7,
CM-44.70,1,CARRITO PELUQERA MANICURA,,4470,1,,$,1500,TOCADOR,CARRITO PELUQUERA MANICURA 8-11,
CM-44.71,1,CALENTADOR DE CERA MX100,,4471,3,,USD,9,TOCADOR,CALENTADOR CERA MX100 8-1,
CM-44.72,1,SECADOR GEMEI 2600W,"Secador de pelo Crown modelo GM1701<br>
Potencia: 2600 W<br>
3 niveles de calor<br>
2 Velocidades.<br>
Incluye boquilla concentradora para peinado<br>
Largo del cable 1.8mts<br>
Presentación en caja individual.",4472,2,,USD,13,ELECTRODOMESTICOS,SECADOR DE PELO GEMEI 2600W GM1766,
CM-44.73,1,CORTA PELO MASCOTA GEMEI,"Cortador de pelo para mascotas<br>
4 peines diferentes, intercambiebles de 12, 9, 6, y 3 mm<br>
Regulación de posición de cuchillas de 0.8 a 2.0 mm<br>
Se carga en cualquier terminal USB<br>
Autonimía de uso 60min<br>
Carga: 5 hs.<br>
Presentación: set en caja",4473,2,,USD,19,ELECTRODOMESTICOS,CORTA PELO MASCOTA RECARGAB. GEMEI GM634,
CM-44.74,1,SECADOR GEMEI 1200W,"Secador de pelo Crown modelo GM1701<br>
Potencia: 1200 W<br>
Control de temperatura de 3 posiciones<br>
2 Velocidades.<br>
Incluye boquilla para peinado<br>
Largo del cable 1.8mts<br>
Presentación en caja individual.",4474,2,,USD,11,ELECTRODOMESTICOS,SECADOR CABELLO GEMEI 1200W GM1701,
CM-44.75,1,"CORTA PELO NARIZ, CEJAS","Perfilador de cejas de precisión. Y cortador de bello.<br>
Funciona con 1xAAA<br>
Presentación: blister<br>
Incluye peine doble, regulador de corte y tapa protectora.",4475,6,,$,165,TOCADOR,CORTA PELO NARIZ Y CEJAS GM518A,
CM-44.76,1,"CORTADOR BARBA, NARIZ","4 funciones en 1<br>
Perfilador de barba y bigote, cortapelo de nariz y orejas<br>
Funciona con 1xAAA<br>
Presentación: blister<br>
Incluye peine doble, regulador de corte y tapa protectora.",4476,6,,$,165,TOCADOR,CORTADOR BARBA NARIZ GM-518,
CM-44.77,1,SOMBRA X 48 COLORES,"Petaca de sombras de 48 colores<br>
Con espejo y aplicador <br>
Presentación: en caja individual",4477,6,,$,175,COSMETICA,SOMBRA X 48 COLORES PETACA 8848,
CM-44.78,1,REMACHADORA POP,"Remachadora manual<br>
Para remaches POP<br>
4 bocas, para 4 grosores de remaches<br>
Incluye llave para cambio de boca<br>
Presentación: blister individual",4478,6,,USD,5,FERRETERIA,REMACHADORA POP HR901N,
CM-44.79,1,DADOS CRICKET JUEGO 32 PZAS,"2 pcs 1/2&quot; para bujías de 16mm y 21mm<br>
1 pcs 1/2 &quot;x 5&quot; barra de extensión corta<br>
1 pcs 1/2 &quot;x 10&quot; barra de extensión larga<br>
1 pza Adaptador de 3 ejes <br>
1 pieza 1/2 &quot;manija con cricket regulable<br>
6 tomas 1/2 &quot;(12 pts): 10,12, 13, 14,16, 17 mm<br>
19 tomas 1/2 &quot;sockets (6 puntos): 8, 9, 10, 11, 12, 13, 14, 15, 16, 17, 18, 20, 20, 21,",4479,3,,USD,44,FERRETERIA,DADOS JUEGO CRICKET 32 PIEZAS 16-2,
CM-44.80,1,DADOS 40 PZAS,"Juego de llaves tipo dado de 40 piezas.<br>
Llave con cricket regulable de 3 posicioes.<br>
Llave tipo destornillador.<br>
Contenido: llaves sistema milimétrico (4 a 13) y de pulgadas (5/32 a 9/16&quot;)<br>
Presentación: set en caja plástica",33161,1,,USD,6.3,FERRETERIA,DADOS CRICKET 40 PIEZAS 16-1,
CM-44.81,1,SPLITTER DIVISOR VGA,"Splitter divisor para monitores y TV`s<br>
Tipo VGA<br>
De 1 a 2 <br>
Presentación: en bolsa individual",4481,6,,$,96,ELECTRONICA,SPLITTER VGA - RCA A/V G-12,
CM-44.82,1,LECTOR DE TARJETAS DE MEMORIA,"Lector de tarjetas de memoria para PC<br>
Conexión USB 2.0 - 480MB x Segundo<br>
Con luz led indicadora <br>
Apto para tarjetas tipo: SD, TF, MiniSD, M2, M5, MMC, XD, etc.<br>
Presentación: blister individual, apto para exhibidor.",36101,6,,USD,0.8,ELECTRONICA,,
CM-44.83,1,CARGADOR PSP,,4483,3,,$,147,ELECTRONICA,CARGADOR PSP 1000 2000 3000 6-10,
CM-44.84,1,ALARMA INALAMBRICA,"Sensor de movimiento, con 2 controles<br>
Rango de funcionamiento: 110º<br>
Alarma sonora de 105dB<br>
Funciona con 4 AA no incluidas<br>
Soporte de pared direccionable.<br>
Presentación: set en blister",4484,4,,USD,9,ELECTRONICA,ALARMA INALAMBRICA 2 CONTROLES YL05,
CM-44.85,1,CONTROL REMOTO AIRE UNIVERSAL,"Control remoto universal para sistemas de aire acondicionado.<br>
Apto para mas de 160 marcas de acondicionadores<br>
Con display LCD<br>
Funciona con 2 AAA no incluidas<br>
Presentación: blister individual",4485,6,,USD,3.4,ELECTRONICA,CONTROL REMOTO AIRE UNIVERSAL K1028E,
CM-44.86,1,CONVERSOR AUDIO DIGITAL A ANALÓGICO,,4486,6,,USD,8,ELECTRONICA,CONVERSOR AUDIO DIGITAL A ANALÓGICO 6-13,
CM-44.87,1,CONECTOR DISCO SATA A USB,,4487,3,,USD,14,ELECTRONICA,CONVERSOR DISCO SATA A USB 6-17,
CM-44.88,1,BLUETOOTH PARA AUTO,"Adaptador BLUETOOTH para auto<br>
Se conecta a su radio de auto y le permite recibir música y conectar su teléfono..<br>
Incluye cable USB - Micro USB y conector Stereo 1.5&quot;<br>
Presentación: set en caja , apta para exhibidor.",4262,2,,USD,4.5,ELECTRONICA,RECEPTOR BLUETOOTH - AUDIO AUTO 6-3,
CM-44.89,1,ANTENA UHF / VHF ISDB-T 6-2,"Antena UHF / VHF DVB-T<br>
Antena para Televisión Digital <br>
Ganancia aproximada 28dB<br>
Conexión de 75ohm<br>
Base magnética<br>
Altura : 30 cm<br>
Rangos de frecuencia: VHF III 174/230mHz , UHF 470-862MHz<br>
Presentación: en blister, apto para exhibidor.",36111,1,,USD,4.5,ELECTRONICA,ANTENA INTERIOR ISDB-T 6-2,
CM-44.90,1,CABLE RCA - RCA 10 MTS.,"Cable de 3 conexiones tipo RCA macho a RCA macho<br>
Para conexión de Video compuesto + Audio L/R<br>
Longitud total del cable &nbsp;: 10 mts.<br>
Presentación: en bolsa individual. Apta para exhibidor.",37130,2,0,$,156,ELECTRONICA,CABLE RCA 10 MTS. AUDIO-VIDEO 6-1,
CM-44.91,1,LNB DOBLE STARCOM,,4491,6,,USD,9,ELECTRONICA,LNB DOBLE STAR COM SR302,
CM-44.92,1,ADAPTADOR FICHA,,4492,24,,$,32,ELECTRONICA,ADAPTADOR FICHA,
CM-44.93,1,FUENTE PARA CAMARA CCTV / CANALERA,"Fuente para cámaras de seguridad<br>
Para cualquier tipo de cámara. <br>
Pase universal<br>
Largo del cable : 90 cm<br>
Entrada: 110/220 V AC 50/60 Hz<br>
Salida 12V DC 2A<br>
Presentación: caja individual",37136,2,,USD,2.8,SEGURIDAD,FUENTE 12V - 2 AMP.  6-6,
CM-44.94,1,FUENTE 12V 1 AMP,,4494,,,USD,2.2,ELECTRONICA,FUENTE 12V - 1 AMP. 6-7,
CM-44.95,1,FUENTE 12V 3 AMP,,4494,,,USD,3.9,ELECTRONICA,FUENTE 12V - 3 AMP 6-8,
CM-44.96,1,FUENTE 6-11,,4496,6,,USD,4.3,ELECTRONICA,FUENTE 6-11,
CM-44.97,1,CAMARA SEGURIDAD 3.6MM,"Cámara de seguridad apta para exterior e interior <br>
Lente 3.6mm<br>
Tipo de señal: PAL<br>
Resolución: TVL 3000<br>
Base regulable.<br>
Presentación : caja individual",4497,6,,USD,19,SEGURIDAD,CAMARA SEGURIDAD VIGILANCIA 3.6MM 6-18,
CM-44.98,1,BALUN PAR EN BLISTER,"Balun X2 para CCTV<br>
Para transmisión de video via cable UTP<br>
Con cierre de presión para cable UTP.<br>
Conector BNC <br>
Distancia BN: 600 mts. / COLOR: 400 mts.<br>
Presentación: par en blister, apto para exhibidor",3343,2,,USD,2,SEGURIDAD,BALUN PAR PASE RAPIDO 6-4,
CM-44.501,1,PERFUME OLYOU,,44501,12,,$,119,PERFUMES,PERFUME ONLYOU	OLU930-2,
CM-44.502,1,PERFUME ONLYOU,,44502,12,,$,119,PERFUMES,PERFUME ONLYOU	OLU930-3,
CM-44.503,1,PERFUME ONLYOU,,44503,12,,$,119,PERFUMES,PERFUME ONLYOU	OLU930-4,
CM-44.505,1,PERFUME ONLYOU,,44505,12,,$,119,PERFUMES,PERFUME ONLYOU	OLU830-23,
CM-44.506,1,PERFUME ONLYOU,,44506,12,,$,119,PERFUMES,PERFUME ONLYOU	OLU830-21,
CM-44.507,1,PERFUME ONLYOU,,44507,12,,$,119,PERFUMES,PERFUME ONLYOU	OLU830-3,
CM-44.508,1,PERFUME ONLYOU,,44508,12,,$,119,PERFUMES,PERFUME ONLYOU	OLU830-19,
CM-44.509,1,PERFUME ONLYOU,,44.509,12,,$,119,PERFUMES,PERFUME ONLYOU	OLU830-34,
CM-44.510,1,PERFUME ONLYOU,,44510,12,,$,119,PERFUMES,PERFUME ONLYOU	OLU830-16,
CM-44.511,1,PERFUME ONLYOU,,44511,12,,$,119,PERFUMES,PERFUME ONLYOU	OLU830-25,
CM-44.512,1,PERFUME ONLYOU,,44512,12,,$,119,PERFUMES,PERFUME ONLYOU	OLU830-6,
CM-44.513,1,PERFUME ONLYOU,,44513,12,,$,119,PERFUMES,PERFUME ONLYOU	OLU830-13,
CM-44.514,1,PERFUME ONLYOU,,44514,12,,$,119,PERFUMES,PERFUME ONLYOU	OLU830-11,
CM-44.516,1,PERFUME ONLYOU,,44516,12,,$,119,PERFUMES,PERFUME ONLYOU	OLU830-18,
CM-44.517,1,PERFUME ONLYOU,,44517,12,,$,119,PERFUMES,PERFUME ONLYOU	OLU830-31,
CM-44.518,1,PERFUME ONLYOU,,44518,12,,$,119,PERFUMES,PERFUME ONLYOU	OLU830-32,
CM-T3.1,1,TALADRO INALAMBRICO	TDLI20021,"Voltaje: 20V<br>
Velocidad sin carga: 0-400 / 0-1500 / min<br>
Par máx .: 45 nm<br>
Capacidad de portabrocas: 0.8-10 mm<br>
Configuración de par: 15 + 1<br>
Portabrocas sin llave con bloqueo automático<br>
Engranaje mecánico de 2 velocidades.<br>
Función de bloqueo del husillo<br>
Baterías de iones de litio de 20V 2.0Ah<br>
Incluye 1 baterías<br>
Incluye 1 cargador rápido <br>
Voltios de carga: 110V-240V ~ 50 / 60Hz<br>
Luz de trabajo integrada - <br>
Indicador LED de batería Embalado en caja de cartón",T31,2,1,USD,106,TOTAL,TALADRO INALAMBRICO	TDLI20021,
CM-T3.2,1,BATERIA 20 VOLTIOS 2 AMP	TFBLI2001,"Voltaje: 20V<br>
Batería de iones de litio 2.0Ah<br>
Indicador LED de batería<br>
Una batería se adapta a todas las herramientas TOTAL de 20 V múltiples<br>
Embalado en caja de color",T32,2,1,USD,25,TOTAL,BATERIA 20 VOLTIOS 2 AMP	TFBLI2001,
CM-T3.3,1,CARGADOR FAST INTELLIGENT 20V 2A TFCLI20,"Voltaje: 20V<br>
Corriente de carga: 2A<br>
Carga la batería de 20V 2.0Ah en 1 hora<br>
Embalado por caja de color",T33,3,1,USD,18,TOTAL,CARGADOR FAST INTELLIGENT 20V 2A TFCLI20,
CM-T3.4,1,ROTO MARTILLO 20V IMPACTO TRHLI1601,"¡¡ No incluye batería !!<br>
Voltaje: 20V<br>
Velocidad sin carga: 0-900 / min.<br>
Tasa de impacto: 0-5100bpm<br>
Fuerza de impacto individual: 1.5J<br>
Capacidad máxima de perforación: Φ16 en concreto<br>
Luz de trabajo integrada<br>
Con 3 piezas de brocas SDS-plus<br>
NO incluye batería ni cargador<br>
Embalado en caja de color",t34,2,1,USD,97,TOTAL,ROTO MARTILLO 20V IMPACTO TRHLI1601,
CM-T3.5,1,CARGADOR 12V INPUT 100/240V	TCLI12081,"Voltaje: 12V<br>
Voltaje de entrada nominal: 100V-240V ~ 50 / 60Hz<br>
Carga la batería de 12V 1.5Ah en 2Hr<br>
Adecuado para todas las herramientas TOTAL de 12V<br>
Embalado en caja de cartón",t35,6,1,USD,6.7,TOTAL,CARGADOR 12V INPUT 100/240V	TCLI12081,
CM-T3.6,1,CARGADOR  RAPIDO	TCLI16071,"Cargador RÁPIDO<br>
Voltaje: 16.8V<br>
Voltaje de entrada nominal: 100V-240V ~ 50 / 60Hz<br>
Carga batería de 16.8V 1.5Ah en 2Hr<br>
Adecuado para un total de herramientas múltiples de 16,8 V<br>
Embalado en caja de cartón",t35,6,1,USD,8.5,TOTAL,CARGADOR  RAPIDO	TCLI16071,
CM-T3.7,1,CARGADOR 16.8 VOLTS 1.5AMP	TOCLI228180,"Voltaje de carga: 220V-240V ~ 50 / 60Hz<br>
Tiempo de carga: cargador 2H<br>
Coincidencia con TOTAL TDLI228180 y TIDLI228180 y TIDLI228181 y UTDLI228180 y UTIDLI228180 y UTIDLI228181<br>
Embalado en caja de cartón",T37,6,1,USD,8.4,TOTAL,CARGADOR 16.8 VOLTS 1.5AMP	TOCLI228180,
CM-T3.9,1,ROTO MARTILLO 1050W IMPACTO  TH110286,"Voltaje: 220-240V ~ 50 / 60Hz<br>
Potencia de entrada: 1050 W<br>
Velocidad sin carga: 900 rpm<br>
Tasa de impacto: 4000bpm<br>
Energía de impacto: 5J<br>
Capacidad de perforación máx .:<br>
&nbsp;Hormigón: 28 mm<br>
&nbsp;Acero: 13mm<br>
&nbsp;Madera: 40mm<br>
Sistema de portabrocas SDS plus<br>
Con 3 taladros y 2 cinceles.<br>
Embalaje en valija plástica",,2,1,USD,106,TOTAL,ROTO MARTILLO 1050W IMPACTO  TH110286,
CM-T3.10,1,GARLOPA CEPILLO 1050 W 1600RPM	TL1108236,"Voltios: 220-240V ~ 50 / 60Hz<br>
Potencia de entrada: 1050 W<br>
Velocidad sin carga: 16000 rpm<br>
Ancho y profundidad de cepillado: 82x3 mm<br>
Base de aluminio resistente<br>
Alunimun cubierta lateral<br>
Sistema de correa autoenfriable<br>
Con 2 piezas de cuchillas de cepillado<br>
Con 1pcs cinturón<br>
Con 1 juego de guía paralela<br>
Con guía de profundidad de 1 pieza<br>
Embalado en caja de cartón",T310,2,1,USD,95,TOTAL,GARLOPA CEPILLO 1050 W 1600RPM	TL1108236,
CM-T3.11,1,EQUIPO PINTAR HVLP PISTOLA 500W	TT5006-2,"Voltaje: 220-240V ~ 50 / 60Hz<br>
Potencia de entrada: 500 W<br>
Presión de pulverización: 0.1-0.2Bar<br>
Flujo máximo: 850 ml / min<br>
Max. viscosidad: 50DIN-s<br>
Longitud del cable de alimentación: 2.0m<br>
Envase de aluminio 800ml<br>
Accesorios:<br>
1x vaso medidor de viscosidad<br>
1x aguja de limpieza de boquilla<br>
1x correa para el hombro<br>
Embalado en caja de cartón",T311,2,1,USD,57,TOTAL,EQUIPO PINTAR HVLP PISTOLA 500W	TT5006-2,
CM-T3.12,1,MINI TORNO CON EXTENSIËN	 TG501032,"Voltaje: 220V-240V ~ 50 / 60Hz<br>
Potencia de entrada: 130 W<br>
Velocidad sin carga: 10000-32000 rpm<br>
Tamaño del collar: 3.2 mm<br>
Control de velocidad variable<br>
Con 1 pieza de eje flexible<br>
Con accesorios : punteros de varios tipos, 100pcs<br>
Embalado en valija plástica",T312,2,1,USD,34,TOTAL,MINI TORNO CON EXTENSIËN	 TG501032,
CM-T3.13,1,PISTOLA CALOR 200W CON ACCESORIOS	TB1206,"Voltaje: 220-240 volt<br>
Potencia: 2000w<br>
Temperatura: 350°c/550°c<br>
Flujo de aire: 300/500 L/min<br>
Empuñadura ergonómica soft grip<br>
Incluye una rasqueta y 4 boquillas",TB1206,2,1,USD,24,TOTAL,PISTOLA CALOR 200W CON ACCESORIOS	TB1206,
CM-T3.14,1,TALADRO DE BANCO 13MM 	TDP133501,"Voltaje: 220-240V ~ 50Hz<br>
Potencia de entrada: 350 W<br>
Capacidad de perforación máx .: 13 mm<br>
Velocidad sin carga: 580-2650 rpm<br>
Ajustes de velocidad del husillo: 5<br>
Husillo traval: 50 mm<br>
Diámetro de la columna: 46 mm<br>
Mesa de trabajo ajustable<br>
Tamaño de la mesa: 160 * 160 mm<br>
Tamaño base: 291 * 183 mm<br>
Peso neto: 19Kgs<br>
Altura de la máquina: 590 mm<br>
Embalado en caja de cartón",T314,2,1,USD,159,TOTAL,TALADRO DE BANCO 13MM 	TDP133501,
CM-T3.15,1,SIERRA INGLETADORA 1400W TS42142101,"Voltaje: 220-240V ~ 50 / 60Hz<br>
Potencia de entrada: 1400 W<br>
Velocidad sin carga: 5000 rpm<br>
Tamaño de la hoja: 210 mm (8-1 / 4 &quot;&quot;) * 25.4 mm<br>
Base de aluminio<br>
Capacidad máxima de corte: 55x120 mm<br>
La bolsa para el polvo mantiene limpia el área de trabajo<br>
La ingletadora corta 0-45 ° a izquierda y derecha<br>
Bisel permite cortes hasta 45 ° a la izquierda<br>
Con 1 sierra TCT<br>
Embalado en caja de cartón",42142101,2,1,USD,134,TOTAL,SIERRA INGLETADORA 1400W TS42142101,
CM-T3.16,1,SIERRA INGLETADORA 1800W TS42182551,"Voltaje: 220-240V ~ 50 / 60Hz<br>
Potencia de entrada: 1800 W<br>
Velocidad sin carga: 5500 rpm<br>
Tamaño de la hoja: 255 mm (10 &quot;&quot;) * 25.4 mm<br>
Base de aluminio<br>
Capacidad máxima de corte: 80x280 mm<br>
La bolsa para el polvo mantiene limpia el área de trabajo<br>
La ingletadora permite cortes 0-45 ° a izquierda y derecha<br>
El bisel permite cortes hasta 45 ° a la izquierda<br>
Doble barra para deslizamiento suave<br>
Con 1 pieza de cuchilla TCT<br>
Embalado por caja de cartón",T316,2,1,USD,270,TOTAL,SIERRA INGLETADORA 1800W TS42182551,
CM-T3.17,1,PISTOLA DE PINTAR 15MM 400CC	TAT10401,"Boquilla estándar: 1.5 mm<br>
Ancho del patrón: 180-250 mm<br>
Capacidad de pintura: 400cc<br>
Adecuado para capa base<br>
Boquilla opcional: 1.2-1.8 mm<br>
Presión de funcionamiento: 3-4 bar<br>
Contras de aire: 4.2-7.1cfm (119-200l / min)<br>
Embalado en caja de cartón",,,1,USD,18,TOTAL,PISTOLA DE PINTAR 15MM 400CC	TAT10401,
CM-T3.18,1,PISTOLA DE PINTAR 1.4MM 600CC	TAT10601,"Boquilla estándar: 1.4 mm<br>
Ancho del patrón: 180-250 mm<br>
Capacidad de pintura: 600cc<br>
Adecuado para acabado de capa<br>
Boquilla opcional: 1.3-2.5 mm<br>
Presión de funcionamiento: 2-3.5bar<br>
Contras de aire: 4.2-7.1cfm (119-200l / min)<br>
Embalado por caja de color",,,1,USD,27,TOTAL,PISTOLA DE PINTAR 1.4MM 600CC	TAT10601,
CM-T3.19,1,CLAVADORA ENGRAP. NEUMATICA TAT81501,"Capacidad de carga: 100 grapas<br>
Tamaño permitido: 15-50 mm<br>
Ga18,1.25X1.0mm<br>
Tamaño de la grapa: 16-40 mm<br>
Ga18,1.25X1.0mm<br>
Corona de grapas: 5,7 mm<br>
Presión de operación: 0.4-0.7Mpa (60-100Psi)<br>
Con 1000pcs clavos brad<br>
Con 1000 piezas de grapas<br>
Embalado en caja de cartón",,,1,USD,56,TOTAL,CLAVADORA ENGRAP. NEUMATICA TAT81501,
CM-T3.20,1,CONTROL PRESION AUTOM. 10 BAR TWPS101,"Tensión nominal: 220-240 V<br>
Frecuencia: 50 / 60Hz<br>
Presión fija: 1.5bar<br>
Corriente máx .: 10A<br>
Presión máx .: 10 bar<br>
Diámetro de la tubería: 1 '' x1 ''<br>
Grado de protección: IP65<br>
Embalaje: caja de cartón",,,1,USD,43,TOTAL,CONTROL PRESION AUTOM. 10 BAR TWPS101,
CM-T3.22,1,BOMBA SUMERGIBLE AGUA 750W TWP87501,"Voltaje: 220V-240 ~ 50Hz<br>
Potencia de entrada: 750W (1.0HP)<br>
Max.head: 8m<br>
Flujo máximo: 13000L / h<br>
Profundidad máxima: 7m<br>
Diámetro de la tubería: 1&quot;<br>
Con cables de 9 m<br>
Embalaje: caja de cartón",,,1,USD,73,TOTAL,BOMBA SUMERGIBLE AGUA 750W TWP87501,
CM-T3.23,1,HIDROLAVADORA 1400W  GT11316,"Voltaje: 220-240V ~ 50 / 60Hz<br>
Motor eléctrico bobina de alambre de cobre puro<br>
Potencia de entrada: 1400 W<br>
Presión máxima: 130 bar (1900 psi)<br>
Velocidad de flujo: 5.5L / min<br>
Sistema de detención automático<br>
Incluye : juego de pistola de agua y manguera de alta presión de 5 m<br>
Embalaje: caja de cartón",,,1,USD,110,TOTAL,HIDROLAVADORA 1400W  GT11316,
CM-T3.24,1,HIDROLAVADORA INDUSTRIAL 1800W TGT11356,"Voltaje: 220-240V ~ 50 / 60Hz<br>
Motor eléctrico bobina de alambre de cobre puro<br>
Potencia de entrada: 1800 W<br>
Presión máxima: 150 bar (2200 psi)<br>
Velocidad de flujo: 6.0L / min<br>
Sistema de parada automática<br>
Botella de jabón 1pcs<br>
Incluye : juego de pistola de agua y manguera de alta presión de 5 m<br>
Embalaje: caja de cartón",,,1,USD,168,TOTAL,HIDROLAVADORA INDUSTRIAL 1800W TGT11356,
CM-T3.25,1,MECHAS PARED/ METAL+PTAS 16 PZ TACSD3165,"Juego de 16 PCS de brocas y juegos de destornilladores<br>
6 - Brocas (mechas) helicoidales HSS de <br>
TAMAÑO: 2,3,3.5,4,5,6mm<br>
4 Brocas (mechas) de albañilería<br>
TAMAÑO: 4,5,6,8mm<br>
6 puntas de destornillador de 25 mm<br>
SL4.5, SL5.5, PH1, PH2, PZ1, PZ2<br>
Embalaje: blister",,,1,USD,5.25,TOTAL,MECHAS PARED/ METAL+PTAS 16 PZ TACSD3165,
CM-T3.26,1,MECHAS PARED CONCRETO 5 PZ TAC190501,"KIT SDS PLUS DE 5 PIEZAS <br>
Medidas: 6X110mm, 8X110mm, 10X110mm, 10X160mm, 12X160mm<br>
Embalado en caja de plástico",,,1,USD,8,TOTAL,MECHAS PARED CONCRETO 5 PZ TAC190501	,
CM-T3.27,1,MECHAS METAL 12 PZAS	TACSD0125,"Juego de 12 brocas (mechas) helicoidales HSS <br>
Tamaños: 2,2.5,3,3.5,4,4.5,5,5.5,6,6.5,7,8 mm<br>
Embalaje: blister",,,1,USD,5,TOTAL,MECHAS METAL 12 PZAS	TACSD0125,
CM-T3.29,1,DISCO CORTE 115X1.2MM X10PZ,"Juego de 10 10pcs / set<br>
115MM (4 / 1/2 &quot;&quot;) X1.2MM （3/64 &quot;&quot;） X22.2MM (7/8 &quot;&quot;)<br>
Centro plano<br>
disco de corte para metal<br>
Embalado por caja de metal",TAC2211005,10,1,USD,5.7,TOTAL,DISCO CORTE 115X1.2MM X10PZ,
CM-T3.30,1,KIT 250 PZAS P/MINI TORNO 	TACSD12501,"250pcs Accesorios de mini taladro<br>
Disco de corte 76pcs<br>
60 piezas de papel de lija<br>
Muela abrasiva de goma 1pcs<br>
Muela 10pcs con vástago<br>
Rueda de pulido de goma 4pcs<br>
5 piezas de ruedas de fieltro<br>
1 pieza de punto de rueda de fieltro<br>
Rueda de tela 1pcs<br>
Banda de lijado 39pcs<br>
Cepillo 6pcs<br>
7 piezas de brocas de diamante<br>
2 piezas de grabado<br>
4 piezas de mandril<br>
2 piezas de mango de lijado<br>
6 piezas de brocas Hss<br>
4 piezas de pinzas<br>
Rueda de aleta 1pcs<br>
Llave 1pcs<br>
1pcs aderezo de piedra<br>
Compuesto de pulido 2pcs<br>
12 piezas ruedas giratorias<br>
5 piezas de ruedas de corte de fibra de vidrio<br>
Embalado por caja de plástico",,,1,USD,31,TOTAL,KIT 250 PZAS P/MINI TORNO 	TACSD12501,
CM-T3.31,1,DISCO 4.5 FLAP TOTAL GRANO 60 TAC631152,"Tamaño: 115 mm * 22 mm, P60<br>
Adecuado para acero alto, acero, hierro fundido y chapa de acero<br>
Embalaje: exhibidor de cartón",,,1,USD,1.75,TOTAL,DISCO 4.5 FLAP TOTAL GRANO 60 TAC631152,
CM-T3.32,1,DISCO 4.5 FLAP TOTAL GRANO 80 TAC631153,"Tamaño: 115 mm * 22 mm, P80<br>
Adecuado para acero alto, acero, hierro fundido y chapa de acero<br>
Embalaje: exhibidor de cartón",,,1,USD,1.65,TOTAL,DISCO 4.5 FLAP TOTAL GRANO 80 TAC631153,
CM-T3.33,1,DISCO LIJA PULIDORA 5PC 150MM	TAC731501,"Tamaño: 150 mm<br>
3 piezas P80, 2 piezas P120<br>
5pcs / set<br>
Apta para lijadora orbital TOTAL artículo TF2041501<br>
Embalaje: exhibidor de cartón",,,1,USD,2,TOTAL,DISCO LIJA PULIDORA 5PC 150MM	TAC731501,
CM-T3.34,1,"PINZAS Y ALICATE JGO X3 6""7""8"" THT1K0301","Compuesto por: <br>
Alicates combinados de 8&quot;<br>
Alicates de punta larga de 6&quot;<br>
Alicates de corte diagonal de 6&quot;<br>
Aceite polaco y antioxidante<br>
Asa bicolor<br>
Embalaje: exhibidor de cartón",,,1,USD,14.2,TOTAL,"PINZAS Y ALICATE JGO X3 6""7""8"" THT1K0301",
CM-T3.35,1,DESTORNILLADORES JUEGO 6PZAS THT250606,"Juego de destornilladores de 6 piezas<br>
TOTAL nuevo mango ergonómico<br>
Material: CR-V<br>
Cuerpo cilíndrico , compuesto por <br>
1 piezas SL5.5 * 5 * 75<br>
1 piezas SL5.5 * 5 * 100<br>
1 piezas SL6.5 * 6 * 150<br>
1 piezas PH1 * 5 * 75<br>
1 piezas PH1 * 5 * 100<br>
1 piezas PH2 * 6 * 150<br>
Embalaje: exhibidor de cartón",,,1,USD,8,TOTAL,DESTORNILLADORES JUEGO 6PZAS THT250606,
CM-T3.37,1,CRICKET Y DADOS JUEGO 12 PZAS	THT141121,"Juego de cricket 12PCS 1/2&quot;<br>
Compuesto por: <br>
Soporte de 10 piezas: 10,11,12,13,14,15,17,19,21,24mm<br>
Mango de cricket de liberación rápida 1&quot; 1/2&quot; 72T<br>
1 barra de extensión de 5&quot;<br>
Acero CrV 50BV30 de alta calidad<br>
Micro acabado y cromado<br>
Embalado en soporte plástico",,,1,USD,31,TOTAL,CRICKET Y DADOS JUEGO 12 PZAS	THT141121,
CM-T3.38,1,SARGENTO CARPINTERO 5X20CM THT1320502,"Prensa sargento<br>
Tamaño de la abrazadera: 50x200 mm<br>
Fuerza de sujeción máxima: 170 kg<br>
Espesor y ancho de la regla de hierro: 5X15 mm<br>
Diámetro de la rosca: 11 mm.",,,1,USD,5.2,TOTAL,SARGENTO CARPINTERO 5X20CM THT1320502,
CM-T3.39,1,SARGENTO CARPINTERO 5X30CM THT1320801,"Prensa sargento<br>
Tamaño de la abrazadera: 80x300mm<br>
Fuerza máxima de sujeción: 270KGS<br>
Espesor y ancho de la regla de hierro: 6X22 mm<br>
Diámetro de la rosca: 13.5 mm.",,,1,USD,10,TOTAL,SARGENTO CARPINTERO 5X30CM THT1320801,
CM-T3.40,1,SARGENTO CARPINTERO 12X40CM THT1321202,"Prensa sargento<br>
Tamaño de la abrazadera: 120x400 mm<br>
Fuerza máxima de sujeción: 450KGS<br>
Espesor y ancho de la regla de hierro: 8X30 mm<br>
Diámetro de la rosca: 15.3 mm.",,,1,USD,14.5,TOTAL,SARGENTO CARPINTERO 12X40CM THT1321202,
CM-T3.41,1,"MORZA DE BANCO 4""	THT6146","Prensa de banco 4&quot;<br>
Tamaño de la base giratoria: 4&quot;<br>
Peso: 6.7kg<br>
Fuerza máxima: 1300 kg<br>
Con el yunque<br>
Embalaje: caja de cartón",,,1,USD,50,TOTAL,"MORZA DE BANCO 4""	THT6146",
CM-T3.42,1,"MORZA DE BANCO 6""	THT6166","Prensa de banco 6&quot;<br>
Tamaño de la base giratoria: 6&quot;<br>
Peso: 11,2 kg<br>
Fuerza máxima: 1600KGS<br>
Con el yunque<br>
Embalaje: caja de cartón",,,1,USD,82,TOTAL,"MORZA DE BANCO 6""	THT6166",
CM-T3.43,1,"MORZA DE BANCO 8""	THT6186","Prensa de banco 8&quot;<br>
Peso: 21kg.<br>
Fuerza máxima de sujeción: 2500KGS<br>
Con el yunque<br>
Embalaje: caja de cartón",,,1,USD,139,TOTAL,"MORZA DE BANCO 8""	THT6186",
CM-T3.44,1,"SERRUCHO 12"" TOTAL	THT59126B","Mango ergonómico nuevo diseño<br>
Longitud: 300 mm （12&quot;）<br>
Espesor: 0.8 mm, 11TPI<br>
Con protector de dientes<br>
Tratamiento térmico",,,1,USD,6,TOTAL,"SERRUCHO 12"" TOTAL	THT59126B",
CM-T3.45,1,"SERRUCHO E INGLETADORA  12""	THT59126","Caja de ingletes de plástico con serrucho <br>
Compuesta por : caja de inglete de plástico<br>
Tamaño: 300 × 140 × 80<br>
espesor: 20 mm<br>
Serrucho 30cm &nbsp;<br>
Tamaño: 300 mm / 12&quot;, 11TPI<br>
Mango ergonómico nuevo diseño",,,1,USD,12,TOTAL,"SERRUCHO E INGLETADORA  12""	THT59126",
CM-T3.48,1,LIMAS MATRICERO SET 6 PZAS	THT91462,"Juego de 6 limas <br>
Longitud: 140 mm<br>
Diámetro: 3 mm<br>
Plano, redondo, medio redondo, cuadrado, triángulo, cuchillo<br>
Con mango de dos colores.<br>
Embalaje: blister",,,1,USD,4.4,TOTAL,LIMAS MATRICERO SET 6 PZAS	THT91462,
CM-T3.49,1,SOLDADOR TIPO LAPIZ 40W ESTAÐO	TET1406,"Soldador eléctrico <br>
Voltaje: 220-240V ~ 50 / 60Hz<br>
Potencia de entrada: 40 W<br>
Tiempo de precalentamiento: 3 ~ 5 minutos<br>
Recto, cabeza de punta<br>
Con una pieza de apoyo<br>
Punta reemplazable de larga vida<br>
Embalaje: blister",,,1,USD,8.4,TOTAL,SOLDADOR TIPO LAPIZ 40W ESTAÐO	TET1406,
CM-T3.50,1,SOLDADOR TIPO LAPIZ 100W ESTAÐO	TET10006,"Soldador eléctrico <br>
Voltaje: 220-240V ~ 50 / 60Hz<br>
Potencia de entrada: 100 W<br>
Tiempo de precalentamiento: 3 ~ 5 minutos<br>
Recto, cabeza de punta<br>
Con una pieza de apoyo<br>
Punta reemplazable de larga vida<br>
Embalaje: blister",,,1,USD,11.7,TOTAL,SOLDADOR TIPO LAPIZ 100W ESTAÐO	TET10006,
CM-45.5,1,ANAFE DE INDUCCIÓN,,455,,1,USD,49,BAZAR,ANAFE DE INDUCCIËN 20Z	,
CM-45.6,1,LNB X1 STAR COM,,,6,1,USD,5,ELECTRONICA,LNB STAR COM SR 320	,
CM-45.7,1,PARLANTE BLUETOOTH 2T,,457,2,1,USD,17,ELECTRONICA,PARLANTE BLUETOOTH 2T	,
CM-45.8,1,PARLANTE BLUETOOTH AK,,458,3,1,USD,28,ELECTRONICA,PARLANTE BLUETOOTN AK203	,
CM-45.10,1,CARGADOR PARA TABLET 5V 2A,"Fuente cargador para tablet<br>
Modelo WF-3000<br>
Entrada: 100/240 V 50/60Hz 0.5A<br>
Salida: 5 V DC, 2A<br>
Presentación: en caja individual, apta para exhibidor.",36105,2,1,USD,3.3,ELECTRONICA,TRANSFORMADOR 6-3,
CM-45.11,1,CARGADOR TABLET 6.0V 2.0A,"Cargador para tablet<br>
6.0V, 2.0A<br>
cable con conexión USB<br>
Presentación: en bolsa zip, apta para exhibidor.",4511,12,1,USD,1.8,ELECTRONICA,CARGADOR T/IPHONE +CABLE 7100,
CM-45.12,1,SOPORTE CELULAR PARA BICICLETA,,4512,6,1,USD,3.4,ELECTRONICA,SOPORTE CELULAR BICICLETA CH01	,
CM-45.13,1,CONTROL REMOTO UNIVERSAL,,4513,3,1,USD,5,ELECTRONICA,CONTROL REMOTO SMART UNIV. ES903	,
CM-45.14,1,AUDIFONO RECARGABLE P/SORDO,,4514,2,1,$,1100,ORTOPEDIA,AUDIFONO SORDO RECARGABLE 1088F	,
CM-45.15,1,BICICLETA FIJA ERGOMETRICA,,4515,2,1,$,2695,DEPORTES,BICICLETA FIJA ERGOMETRICA 131	,
CM-45.16,1,PELOTA PILATES FITNESS,,4516,4,1,$,290,DEPORTES,PELOTAS PILATE FITNESS SW75	,
CM-45.17,1,COLCHONETA YOGA,Medidas: 1.83 x 61 x 1 cm,4517,3,1,$,380,DEPORTES,YOGA COLCHONETA MAT MY183	,
CM-45.18,1,PALO SATARIN,"Varios colores <br>
Hecho de metal forrado en Goma Eva para un excelente agarre antideslizante<br>
Medidas: 100 x 25.5 cm <br>
Regatón de base anti delizante.",42143,2,1,$,549,JUGUETERIA,PALO SALTARIN SW	,
CM-45.19,1,LAMPARA DE MESA,Lámpara de mesa con llave en cable.,4519,4,1,$,275,ELECTRONICA,LAMPARA MESA MODERNA CC8	,
CM-45.20,1,LAMPARA DE MESA,Lámpara de mesa con llave en el cable.,4520,3,1,$,820,ELECTRONICA,LAMPARA MESA MODERNA CC8	,
CM-45.21,1,PICADORA DE CARNE,,4521,2,1,USD,55,BAZAR,PICADORA DE CARNE ELECTRICA 204	,
CM-45.22,1,MOPA GIRATORIA 360,,4522,,1,USD,11,BAZAR,MOPA GIRATORIA 360 178-55	,
CM-45.23,1,MOLDE TORTA X4 DESMONTABLE,,4523,3,1,USD,14,BAZAR,MOLDE TORTA DESMONTABLE SET X4 1135	,
CM-45.24,1,COCINILLA ELECTRICA ANAFE,,4524,3,1,$,355,BAZAR,COCINILLA ANAFE ELECTRICA 1000W DIDJ102	,
CM-T2.25,1,SOPLADOR ASPIRADOR 400W,"Voltaje: 220-240v/50-60hz<br>
Potencia: 400W<br>
Velocidad sin carga: 0 - 16000 rpm<br>
Velocidad máxima de soplado: 0 - 3.5 m3/min<br>
Velocidad variable<br>
Incluye 1 recolector de polvo<br>
Embalado en caja",TB2046,2,1,USD,22,TOTAL,,
CM-T2.23,1,LIJADORA ORBITAL,"Voltaje / Frecuencia: 220-240 volt / 50-60 Hz<br>
Potencia: 320 Watt.<br>
Velocidad:14000 rpm<br>
Tamaño de la Base: 185 x 93 mm<br>
Base de Aluminio.<br>
Incluye: 5 lijas<br>
Envasado en Caja de Carton",TF1301826,2,1,USD,48,TOTAL,LIJADORA ORBITAL 320W TF1301826,
CM-T2.8,1,TALADRO PERCUTOR 1010W,"Voltaje:220~240V / 50Hz<br>
Potencia: 1100 watt<br>
Velocidad : 0-2800 rpm<br>
Capacidad de mandril: 13mm<br>
Velocidad Variable<br>
Reversa<br>
Percutor<br>
Caja de Engranajes de Aluminio<br>
Empuñadura ergonomica Soft-Grip",TG111136,2,1,USD,67,TOTAL,TALADRO PERCUTOR 1010W 13MM TG111136,